enrollment_id,user_id,course_id,enroll_date,completion_rate,completed,dropout_day
E00001,U1000,C3,2025-02-01,100.0,1,
E00002,U1000,C1,2025-02-01,53.4,0,13.0
E00003,U1001,C5,2025-02-28,65.8,0,5.0
E00004,U1001,C6,2025-06-21,75.2,0,19.0
E00005,U1001,C2,2025-04-29,45.3,0,24.0
E00006,U1002,C1,2025-06-12,65.1,0,13.0
E00007,U1003,C5,2025-05-15,65.0,0,2.0
E00008,U1003,C6,2025-04-12,21.1,0,2.0
E00009,U1004,C3,2025-03-03,90.4,1,
E00010,U1004,C4,2025-03-27,80.0,1,
E00011,U1005,C5,2025-07-28,49.4,0,13.0
E00012,U1005,C3,2025-05-24,60.7,0,2.0
E00013,U1006,C2,2025-06-24,77.6,0,30.0
E00014,U1007,C4,2025-06-19,58.5,0,21.0
E00015,U1008,C1,2025-05-16,58.9,0,6.0
E00016,U1009,C4,2025-02-21,28.7,0,17.0
E00017,U1010,C2,2025-04-18,78.9,0,13.0
E00018,U1010,C6,2025-07-18,68.1,0,30.0
E00019,U1011,C1,2025-07-27,71.9,0,29.0
E00020,U1012,C1,2025-06-23,26.8,0,20.0
E00021,U1012,C6,2025-03-11,100.0,1,
E00022,U1012,C3,2025-06-10,68.9,0,18.0
E00023,U1013,C1,2025-01-26,55.3,0,9.0
E00024,U1013,C5,2025-02-01,100.0,1,
E00025,U1014,C4,2025-01-11,63.9,0,10.0
E00026,U1014,C2,2025-01-29,28.7,0,10.0
E00027,U1015,C2,2025-01-31,54.9,0,2.0
E00028,U1016,C5,2025-01-22,7.8,0,15.0
E00029,U1016,C3,2025-06-01,91.2,1,
E00030,U1017,C2,2025-02-01,54.6,0,17.0
E00031,U1017,C4,2025-02-03,46.4,0,29.0
E00032,U1018,C4,2025-05-28,91.8,1,
E00033,U1019,C2,2025-07-08,23.7,0,3.0
E00034,U1020,C3,2025-06-06,78.4,0,23.0
E00035,U1020,C4,2025-05-26,13.4,0,8.0
E00036,U1021,C2,2025-07-01,48.4,0,12.0
E00037,U1021,C5,2025-04-28,34.9,0,29.0
E00038,U1022,C5,2025-05-01,100.0,1,
E00039,U1022,C4,2025-07-29,100.0,1,
E00040,U1023,C2,2025-03-27,56.8,0,8.0
E00041,U1024,C5,2025-04-09,86.0,1,
E00042,U1025,C4,2025-02-11,60.5,0,28.0
E00043,U1025,C1,2025-03-03,79.2,0,11.0
E00044,U1025,C3,2025-05-23,46.2,0,11.0
E00045,U1026,C3,2025-02-25,22.3,0,10.0
E00046,U1027,C1,2025-02-10,19.9,0,18.0
E00047,U1028,C3,2025-04-23,74.6,0,22.0
E00048,U1029,C4,2025-04-23,100.0,1,
E00049,U1030,C1,2025-05-14,71.7,0,8.0
E00050,U1031,C6,2025-03-28,51.9,0,22.0
E00051,U1031,C2,2025-04-01,100.0,1,
E00052,U1031,C4,2025-02-05,70.9,0,22.0
E00053,U1032,C5,2025-03-12,67.5,0,27.0
E00054,U1033,C1,2025-03-10,71.3,0,26.0
E00055,U1033,C4,2025-06-11,61.7,0,23.0
E00056,U1034,C6,2025-04-16,57.3,0,28.0
E00057,U1034,C2,2025-01-27,29.1,0,1.0
E00058,U1035,C5,2025-05-30,77.5,0,4.0
E00059,U1036,C5,2025-02-08,62.6,0,14.0
E00060,U1037,C3,2025-06-05,94.8,1,
E00061,U1037,C5,2025-01-29,55.8,0,13.0
E00062,U1038,C6,2025-07-05,17.3,0,12.0
E00063,U1038,C4,2025-03-16,62.5,0,12.0
E00064,U1038,C3,2025-04-11,100.0,1,
E00065,U1039,C5,2025-06-15,55.4,0,11.0
E00066,U1039,C4,2025-01-02,42.8,0,26.0
E00067,U1040,C4,2025-04-24,35.2,0,10.0
E00068,U1040,C6,2025-02-17,38.7,0,18.0
E00069,U1041,C2,2025-04-22,57.5,0,19.0
E00070,U1042,C2,2025-01-23,35.5,0,27.0
E00071,U1043,C3,2025-03-25,100.0,1,
E00072,U1043,C5,2025-02-22,57.9,0,14.0
E00073,U1043,C2,2025-01-03,67.7,0,1.0
E00074,U1044,C5,2025-05-08,100.0,1,
E00075,U1045,C5,2025-07-18,100.0,1,
E00076,U1046,C5,2025-04-22,59.7,0,17.0
E00077,U1047,C6,2025-04-10,73.3,0,15.0
E00078,U1047,C4,2025-04-02,83.4,1,
E00079,U1048,C6,2025-03-31,60.2,0,15.0
E00080,U1049,C6,2025-01-26,20.5,0,14.0
E00081,U1049,C1,2025-04-06,81.4,1,
E00082,U1049,C2,2025-05-09,87.4,1,
E00083,U1050,C5,2025-05-27,75.4,0,5.0
E00084,U1051,C4,2025-04-23,41.9,0,25.0
E00085,U1051,C6,2025-06-09,60.1,0,29.0
E00086,U1051,C5,2025-05-31,50.2,0,11.0
E00087,U1052,C6,2025-02-13,57.5,0,12.0
E00088,U1052,C1,2025-03-23,97.4,1,
E00089,U1053,C1,2025-07-31,100.0,1,
E00090,U1054,C2,2025-01-29,81.7,1,
E00091,U1055,C3,2025-07-30,78.7,0,30.0
E00092,U1055,C6,2025-05-11,81.9,1,
E00093,U1056,C4,2025-07-28,64.7,0,17.0
E00094,U1056,C2,2025-02-23,63.1,0,17.0
E00095,U1056,C3,2025-02-18,48.2,0,14.0
E00096,U1057,C6,2025-05-25,63.6,0,20.0
E00097,U1058,C5,2025-06-11,100.0,1,
E00098,U1059,C1,2025-01-03,86.7,1,
E00099,U1059,C4,2025-07-21,56.4,0,1.0
E00100,U1060,C6,2025-05-22,53.2,0,1.0
E00101,U1061,C4,2025-06-21,43.4,0,1.0
E00102,U1061,C1,2025-02-20,74.4,0,6.0
E00103,U1061,C5,2025-05-08,74.8,0,25.0
E00104,U1062,C3,2025-05-12,28.9,0,5.0
E00105,U1062,C5,2025-05-28,77.2,0,7.0
E00106,U1063,C1,2025-02-07,50.8,0,6.0
E00107,U1064,C5,2025-01-08,100.0,1,
E00108,U1064,C1,2025-01-26,68.9,0,3.0
E00109,U1065,C5,2025-05-06,100.0,1,
E00110,U1066,C5,2025-07-26,53.5,0,26.0
E00111,U1066,C4,2025-01-16,57.8,0,21.0
E00112,U1067,C5,2025-03-24,72.5,0,5.0
E00113,U1068,C3,2025-02-13,91.4,1,
E00114,U1068,C6,2025-01-09,79.1,0,9.0
E00115,U1069,C5,2025-03-31,34.2,0,7.0
E00116,U1069,C1,2025-04-26,69.6,0,20.0
E00117,U1070,C1,2025-02-26,65.6,0,29.0
E00118,U1071,C1,2025-04-23,54.3,0,2.0
E00119,U1072,C2,2025-01-12,48.8,0,6.0
E00120,U1072,C6,2025-05-31,100.0,1,
E00121,U1073,C3,2025-03-19,55.2,0,14.0
E00122,U1073,C1,2025-06-04,43.9,0,9.0
E00123,U1073,C4,2025-05-07,80.9,1,
E00124,U1074,C1,2025-06-22,68.3,0,23.0
E00125,U1074,C2,2025-05-30,63.1,0,8.0
E00126,U1074,C4,2025-04-16,84.5,1,
E00127,U1075,C6,2025-05-05,77.2,0,1.0
E00128,U1076,C2,2025-02-14,74.1,0,6.0
E00129,U1076,C1,2025-04-02,89.1,1,
E00130,U1077,C1,2025-03-16,72.1,0,13.0
E00131,U1078,C1,2025-05-17,49.6,0,28.0
E00132,U1078,C3,2025-04-09,55.9,0,11.0
E00133,U1079,C1,2025-02-01,52.0,0,14.0
E00134,U1080,C3,2025-03-04,70.2,0,13.0
E00135,U1080,C5,2025-02-18,38.1,0,15.0
E00136,U1081,C2,2025-04-22,19.2,0,2.0
E00137,U1082,C1,2025-03-29,67.2,0,26.0
E00138,U1083,C6,2025-02-03,31.6,0,3.0
E00139,U1084,C5,2025-07-21,16.2,0,5.0
E00140,U1085,C4,2025-02-10,74.3,0,12.0
E00141,U1085,C2,2025-04-01,47.2,0,7.0
E00142,U1086,C4,2025-02-23,77.4,0,10.0
E00143,U1086,C5,2025-05-02,51.7,0,17.0
E00144,U1087,C4,2025-06-22,37.0,0,5.0
E00145,U1088,C3,2025-05-31,33.9,0,12.0
E00146,U1088,C5,2025-05-17,52.1,0,8.0
E00147,U1088,C4,2025-04-14,58.2,0,20.0
E00148,U1089,C2,2025-06-23,44.4,0,17.0
E00149,U1089,C1,2025-01-24,58.0,0,18.0
E00150,U1090,C6,2025-06-18,26.6,0,23.0
E00151,U1090,C4,2025-05-26,65.4,0,5.0
E00152,U1090,C1,2025-03-21,20.2,0,1.0
E00153,U1091,C1,2025-06-27,60.2,0,6.0
E00154,U1092,C2,2025-02-18,82.4,1,
E00155,U1092,C3,2025-06-19,92.3,1,
E00156,U1093,C1,2025-07-26,100.0,1,
E00157,U1093,C5,2025-05-09,26.1,0,25.0
E00158,U1093,C3,2025-03-18,84.0,1,
E00159,U1094,C6,2025-03-21,95.2,1,
E00160,U1095,C3,2025-02-02,89.5,1,
E00161,U1096,C4,2025-04-02,41.8,0,13.0
E00162,U1096,C3,2025-04-29,75.3,0,25.0
E00163,U1097,C6,2025-03-12,100.0,1,
E00164,U1097,C2,2025-02-15,27.6,0,1.0
E00165,U1098,C6,2025-06-26,76.9,0,12.0
E00166,U1099,C1,2025-04-13,92.8,1,
E00167,U1099,C4,2025-04-01,47.6,0,29.0
E00168,U1099,C2,2025-06-10,79.6,0,4.0
E00169,U1100,C1,2025-03-11,38.2,0,30.0
E00170,U1101,C2,2025-04-14,44.7,0,2.0
E00171,U1101,C1,2025-06-05,44.6,0,6.0
E00172,U1102,C3,2025-02-09,69.8,0,13.0
E00173,U1103,C5,2025-06-11,62.7,0,21.0
E00174,U1103,C3,2025-02-15,88.9,1,
E00175,U1104,C2,2025-05-08,41.5,0,23.0
E00176,U1104,C5,2025-05-14,61.7,0,9.0
E00177,U1105,C6,2025-01-01,89.0,1,
E00178,U1105,C5,2025-01-29,79.0,0,27.0
E00179,U1105,C3,2025-07-15,31.9,0,25.0
E00180,U1106,C1,2025-06-05,81.6,1,
E00181,U1106,C5,2025-06-28,53.0,0,2.0
E00182,U1107,C6,2025-07-22,74.6,0,11.0
E00183,U1107,C1,2025-02-23,72.5,0,25.0
E00184,U1107,C5,2025-03-30,95.5,1,
E00185,U1108,C1,2025-06-27,67.9,0,24.0
E00186,U1108,C4,2025-04-11,18.7,0,24.0
E00187,U1109,C2,2025-05-15,30.8,0,3.0
E00188,U1109,C3,2025-03-31,83.3,1,
E00189,U1110,C4,2025-06-27,58.5,0,17.0
E00190,U1110,C6,2025-07-09,93.4,1,
E00191,U1110,C3,2025-06-26,71.8,0,27.0
E00192,U1111,C6,2025-05-11,46.3,0,2.0
E00193,U1111,C4,2025-06-23,92.1,1,
E00194,U1112,C4,2025-07-19,44.8,0,5.0
E00195,U1112,C5,2025-05-06,13.7,0,25.0
E00196,U1113,C6,2025-07-31,100.0,1,
E00197,U1114,C3,2025-05-20,17.2,0,6.0
E00198,U1114,C2,2025-07-19,80.9,1,
E00199,U1115,C5,2025-03-05,88.5,1,
E00200,U1115,C3,2025-01-16,68.7,0,6.0
E00201,U1116,C4,2025-01-24,22.9,0,7.0
E00202,U1117,C2,2025-06-25,90.4,1,
E00203,U1117,C6,2025-06-30,29.0,0,16.0
E00204,U1118,C2,2025-01-02,31.4,0,17.0
E00205,U1118,C6,2025-06-27,56.0,0,15.0
E00206,U1119,C6,2025-03-31,84.7,1,
E00207,U1120,C2,2025-05-31,72.5,0,19.0
E00208,U1120,C6,2025-03-03,85.3,1,
E00209,U1121,C1,2025-05-21,53.9,0,14.0
E00210,U1122,C2,2025-06-03,60.7,0,15.0
E00211,U1122,C6,2025-07-16,36.6,0,13.0
E00212,U1123,C1,2025-01-04,57.1,0,12.0
E00213,U1123,C3,2025-05-05,79.8,0,7.0
E00214,U1124,C3,2025-03-19,57.5,0,7.0
E00215,U1125,C3,2025-04-25,76.9,0,4.0
E00216,U1126,C4,2025-04-30,50.7,0,19.0
E00217,U1127,C2,2025-05-23,50.2,0,3.0
E00218,U1128,C4,2025-07-12,66.0,0,16.0
E00219,U1129,C6,2025-03-26,60.1,0,24.0
E00220,U1130,C1,2025-04-22,79.8,0,16.0
E00221,U1130,C4,2025-02-18,69.5,0,26.0
E00222,U1131,C1,2025-01-24,100.0,1,
E00223,U1131,C3,2025-06-14,59.5,0,10.0
E00224,U1132,C6,2025-06-17,59.3,0,8.0
E00225,U1132,C3,2025-01-21,39.0,0,5.0
E00226,U1133,C1,2025-02-07,65.6,0,10.0
E00227,U1133,C4,2025-04-05,82.1,1,
E00228,U1134,C6,2025-05-15,46.5,0,28.0
E00229,U1135,C6,2025-07-20,63.8,0,24.0
E00230,U1135,C2,2025-03-21,83.0,1,
E00231,U1135,C1,2025-07-10,61.8,0,20.0
E00232,U1136,C2,2025-06-15,52.0,0,27.0
E00233,U1137,C2,2025-04-05,89.3,1,
E00234,U1138,C3,2025-03-06,67.4,0,8.0
E00235,U1139,C1,2025-05-26,74.9,0,26.0
E00236,U1140,C6,2025-01-13,94.3,1,
E00237,U1140,C4,2025-02-25,93.6,1,
E00238,U1141,C4,2025-07-07,56.3,0,6.0
E00239,U1142,C5,2025-02-06,51.9,0,23.0
E00240,U1142,C6,2025-02-28,72.1,0,6.0
E00241,U1142,C1,2025-02-05,61.7,0,15.0
E00242,U1143,C4,2025-01-11,17.5,0,28.0
E00243,U1143,C1,2025-04-23,96.9,1,
E00244,U1144,C2,2025-07-05,65.5,0,12.0
E00245,U1145,C5,2025-07-21,83.4,1,
E00246,U1146,C2,2025-01-19,35.7,0,22.0
E00247,U1146,C3,2025-01-15,97.2,1,
E00248,U1147,C4,2025-01-17,50.3,0,15.0
E00249,U1147,C3,2025-01-03,62.3,0,22.0
E00250,U1148,C2,2025-03-17,30.0,0,1.0
E00251,U1148,C6,2025-04-24,60.8,0,26.0
E00252,U1148,C4,2025-05-25,59.3,0,22.0
E00253,U1149,C2,2025-05-01,60.4,0,3.0
E00254,U1150,C5,2025-04-20,76.0,0,18.0
E00255,U1150,C4,2025-06-10,66.5,0,28.0
E00256,U1151,C4,2025-06-05,89.4,1,
E00257,U1152,C1,2025-06-05,53.3,0,22.0
E00258,U1152,C3,2025-03-18,40.1,0,19.0
E00259,U1153,C3,2025-06-18,64.5,0,21.0
E00260,U1153,C4,2025-02-05,80.7,1,
E00261,U1154,C3,2025-05-16,96.1,1,
E00262,U1155,C1,2025-06-23,85.3,1,
E00263,U1155,C2,2025-07-09,20.9,0,15.0
E00264,U1155,C5,2025-06-26,74.4,0,3.0
E00265,U1156,C5,2025-04-06,100.0,1,
E00266,U1157,C4,2025-05-16,66.6,0,8.0
E00267,U1157,C3,2025-05-25,52.1,0,15.0
E00268,U1158,C1,2025-02-28,72.7,0,6.0
E00269,U1159,C2,2025-02-26,52.4,0,28.0
E00270,U1159,C5,2025-03-06,81.0,1,
E00271,U1159,C1,2025-06-16,64.7,0,4.0
E00272,U1160,C6,2025-03-06,99.8,1,
E00273,U1161,C2,2025-04-28,77.5,0,8.0
E00274,U1161,C5,2025-05-19,46.9,0,19.0
E00275,U1162,C6,2025-05-31,80.1,1,
E00276,U1162,C5,2025-05-26,88.4,1,
E00277,U1163,C4,2025-06-23,50.8,0,3.0
E00278,U1164,C2,2025-05-21,54.4,0,17.0
E00279,U1164,C5,2025-07-02,7.4,0,27.0
E00280,U1165,C1,2025-01-27,87.6,1,
E00281,U1165,C5,2025-04-28,50.3,0,27.0
E00282,U1166,C5,2025-02-19,11.9,0,19.0
E00283,U1166,C2,2025-05-02,20.8,0,25.0
E00284,U1167,C3,2025-07-18,59.4,0,20.0
E00285,U1168,C2,2025-01-13,84.0,1,
E00286,U1169,C1,2025-06-29,62.8,0,20.0
E00287,U1170,C4,2025-07-01,76.8,0,5.0
E00288,U1170,C3,2025-04-20,37.5,0,30.0
E00289,U1170,C1,2025-01-23,31.5,0,20.0
E00290,U1171,C2,2025-07-06,87.1,1,
E00291,U1171,C5,2025-04-01,77.3,0,6.0
E00292,U1171,C1,2025-04-04,64.2,0,24.0
E00293,U1172,C6,2025-07-31,97.1,1,
E00294,U1172,C1,2025-03-07,41.2,0,4.0
E00295,U1173,C5,2025-07-08,54.5,0,17.0
E00296,U1174,C6,2025-07-29,90.7,1,
E00297,U1174,C4,2025-06-04,100.0,1,
E00298,U1174,C1,2025-04-01,65.2,0,4.0
E00299,U1175,C3,2025-07-25,100.0,1,
E00300,U1176,C1,2025-03-07,49.9,0,12.0
E00301,U1176,C2,2025-02-19,73.2,0,23.0
E00302,U1177,C5,2025-04-23,60.7,0,4.0
E00303,U1178,C4,2025-01-19,25.3,0,26.0
E00304,U1178,C1,2025-03-08,71.4,0,6.0
E00305,U1179,C3,2025-06-25,88.3,1,
E00306,U1180,C2,2025-03-06,61.3,0,18.0
E00307,U1180,C5,2025-06-26,63.2,0,25.0
E00308,U1181,C4,2025-01-07,99.8,1,
E00309,U1181,C1,2025-03-29,33.8,0,5.0
E00310,U1182,C4,2025-01-09,27.6,0,26.0
E00311,U1183,C1,2025-06-08,48.6,0,27.0
E00312,U1183,C2,2025-06-15,35.1,0,22.0
E00313,U1184,C4,2025-06-27,98.7,1,
E00314,U1184,C2,2025-04-25,72.7,0,13.0
E00315,U1185,C5,2025-05-13,43.4,0,3.0
E00316,U1186,C5,2025-02-25,49.6,0,10.0
E00317,U1187,C5,2025-02-24,100.0,1,
E00318,U1187,C6,2025-02-13,49.7,0,27.0
E00319,U1187,C1,2025-04-03,45.9,0,24.0
E00320,U1188,C5,2025-04-30,72.6,0,13.0
E00321,U1189,C3,2025-05-29,81.0,1,
E00322,U1189,C1,2025-05-04,70.5,0,11.0
E00323,U1189,C6,2025-02-28,42.3,0,1.0
E00324,U1190,C5,2025-01-12,36.0,0,21.0
E00325,U1191,C6,2025-02-06,79.9,0,9.0
E00326,U1192,C1,2025-05-09,63.6,0,9.0
E00327,U1193,C5,2025-05-16,24.0,0,19.0
E00328,U1194,C6,2025-02-21,94.3,1,
E00329,U1194,C1,2025-07-18,84.4,1,
E00330,U1194,C5,2025-04-20,59.0,0,21.0
E00331,U1195,C1,2025-07-22,58.5,0,10.0
E00332,U1195,C3,2025-07-23,70.8,0,26.0
E00333,U1196,C2,2025-06-24,47.8,0,3.0
E00334,U1197,C3,2025-07-09,31.3,0,12.0
E00335,U1198,C6,2025-03-31,73.1,0,28.0
E00336,U1198,C2,2025-05-21,29.0,0,23.0
E00337,U1199,C1,2025-06-30,74.8,0,11.0
E00338,U1200,C4,2025-04-05,29.0,0,29.0
E00339,U1200,C5,2025-03-04,62.5,0,26.0
E00340,U1201,C3,2025-02-08,61.6,0,5.0
E00341,U1202,C6,2025-04-27,100.0,1,
E00342,U1203,C4,2025-05-26,38.4,0,25.0
E00343,U1204,C2,2025-05-31,29.6,0,3.0
E00344,U1205,C6,2025-03-20,48.8,0,9.0
E00345,U1206,C5,2025-01-19,36.9,0,30.0
E00346,U1206,C3,2025-02-18,50.3,0,19.0
E00347,U1207,C5,2025-05-29,75.5,0,12.0
E00348,U1207,C2,2025-04-30,84.3,1,
E00349,U1207,C3,2025-04-02,100.0,1,
E00350,U1208,C6,2025-05-05,46.6,0,11.0
E00351,U1208,C4,2025-02-14,100.0,1,
E00352,U1208,C1,2025-03-12,100.0,1,
E00353,U1209,C5,2025-06-10,59.9,0,9.0
E00354,U1209,C1,2025-03-02,7.7,0,23.0
E00355,U1209,C2,2025-01-06,62.9,0,7.0
E00356,U1210,C4,2025-02-21,66.8,0,29.0
E00357,U1211,C5,2025-02-20,7.5,0,8.0
E00358,U1211,C1,2025-07-07,66.8,0,2.0
E00359,U1212,C5,2025-01-19,60.0,0,26.0
E00360,U1212,C1,2025-07-28,45.4,0,29.0
E00361,U1212,C6,2025-05-28,80.7,1,
E00362,U1213,C2,2025-01-02,90.1,1,
E00363,U1214,C5,2025-06-14,52.8,0,29.0
E00364,U1215,C3,2025-01-08,70.7,0,7.0
E00365,U1216,C6,2025-01-07,48.6,0,21.0
E00366,U1217,C5,2025-06-23,45.3,0,26.0
E00367,U1218,C1,2025-04-17,67.0,0,26.0
E00368,U1219,C6,2025-06-06,78.1,0,11.0
E00369,U1220,C5,2025-03-07,50.9,0,15.0
E00370,U1220,C4,2025-01-04,9.7,0,1.0
E00371,U1221,C5,2025-04-17,79.6,0,20.0
E00372,U1221,C3,2025-07-01,25.1,0,24.0
E00373,U1221,C1,2025-03-26,68.0,0,6.0
E00374,U1222,C2,2025-02-23,100.0,1,
E00375,U1223,C1,2025-04-02,64.6,0,27.0
E00376,U1224,C3,2025-05-18,35.3,0,22.0
E00377,U1225,C5,2025-06-18,28.5,0,20.0
E00378,U1225,C2,2025-05-28,94.3,1,
E00379,U1226,C6,2025-06-08,64.6,0,9.0
E00380,U1227,C4,2025-07-18,78.5,0,21.0
E00381,U1227,C1,2025-03-21,88.2,1,
E00382,U1228,C5,2025-05-24,63.8,0,9.0
E00383,U1228,C4,2025-04-03,57.3,0,17.0
E00384,U1229,C3,2025-03-06,41.3,0,1.0
E00385,U1229,C2,2025-05-23,0.0,0,16.0
E00386,U1230,C3,2025-02-08,27.0,0,21.0
E00387,U1231,C1,2025-01-08,63.3,0,20.0
E00388,U1232,C1,2025-05-20,60.6,0,17.0
E00389,U1233,C2,2025-03-08,75.1,0,20.0
E00390,U1234,C2,2025-02-15,61.8,0,28.0
E00391,U1235,C2,2025-01-08,69.0,0,12.0
E00392,U1235,C5,2025-07-19,84.7,1,
E00393,U1236,C4,2025-02-24,42.9,0,21.0
E00394,U1236,C6,2025-03-30,57.8,0,29.0
E00395,U1237,C4,2025-03-24,24.8,0,26.0
E00396,U1237,C2,2025-01-07,89.3,1,
E00397,U1238,C6,2025-01-04,66.0,0,3.0
E00398,U1239,C4,2025-01-16,77.2,0,8.0
E00399,U1239,C3,2025-05-25,100.0,1,
E00400,U1240,C4,2025-06-18,92.0,1,
E00401,U1241,C2,2025-03-06,63.5,0,1.0
E00402,U1241,C1,2025-03-09,84.7,1,
E00403,U1242,C2,2025-04-01,29.2,0,7.0
E00404,U1242,C6,2025-03-25,75.8,0,25.0
E00405,U1243,C3,2025-03-18,68.5,0,29.0
E00406,U1244,C2,2025-05-03,24.5,0,28.0
E00407,U1244,C5,2025-07-16,98.4,1,
E00408,U1244,C6,2025-03-10,47.4,0,25.0
E00409,U1245,C3,2025-03-14,82.1,1,
E00410,U1246,C1,2025-05-05,54.5,0,28.0
E00411,U1247,C2,2025-02-24,89.8,1,
E00412,U1247,C3,2025-05-29,97.8,1,
E00413,U1247,C4,2025-01-14,44.2,0,29.0
E00414,U1248,C6,2025-01-12,26.7,0,25.0
E00415,U1248,C3,2025-07-18,61.7,0,28.0
E00416,U1249,C4,2025-02-05,86.2,1,
E00417,U1250,C3,2025-02-08,55.7,0,30.0
E00418,U1250,C1,2025-01-03,49.7,0,5.0
E00419,U1250,C5,2025-03-19,77.2,0,5.0
E00420,U1251,C3,2025-07-12,0.0,0,6.0
E00421,U1251,C1,2025-04-29,48.4,0,22.0
E00422,U1252,C4,2025-03-28,30.4,0,21.0
E00423,U1253,C6,2025-01-09,72.4,0,19.0
E00424,U1253,C4,2025-03-02,46.6,0,7.0
E00425,U1253,C3,2025-07-22,37.1,0,21.0
E00426,U1254,C1,2025-05-10,56.2,0,20.0
E00427,U1254,C2,2025-03-01,28.3,0,19.0
E00428,U1255,C1,2025-07-06,64.7,0,1.0
E00429,U1256,C3,2025-01-17,47.9,0,29.0
E00430,U1257,C4,2025-02-04,55.6,0,17.0
E00431,U1258,C2,2025-02-27,47.1,0,22.0
E00432,U1259,C6,2025-05-09,87.8,1,
E00433,U1259,C5,2025-01-29,62.3,0,17.0
E00434,U1260,C4,2025-01-20,78.1,0,12.0
E00435,U1261,C2,2025-06-30,77.0,0,6.0
E00436,U1261,C1,2025-01-04,44.8,0,9.0
E00437,U1261,C3,2025-03-10,79.2,0,3.0
E00438,U1262,C2,2025-04-15,73.7,0,26.0
E00439,U1262,C5,2025-05-23,72.8,0,12.0
E00440,U1262,C1,2025-03-10,55.0,0,1.0
E00441,U1263,C1,2025-06-17,54.3,0,15.0
E00442,U1264,C5,2025-06-26,84.6,1,
E00443,U1264,C3,2025-04-16,100.0,1,
E00444,U1265,C6,2025-04-19,44.2,0,11.0
E00445,U1265,C3,2025-05-19,78.4,0,14.0
E00446,U1265,C4,2025-04-09,55.8,0,5.0
E00447,U1266,C4,2025-04-15,84.6,1,
E00448,U1267,C6,2025-03-03,76.0,0,20.0
E00449,U1267,C1,2025-05-09,91.5,1,
E00450,U1268,C3,2025-03-03,0.0,0,27.0
E00451,U1268,C5,2025-02-20,50.0,0,22.0
E00452,U1268,C4,2025-01-30,40.3,0,3.0
E00453,U1269,C1,2025-04-14,62.3,0,23.0
E00454,U1269,C6,2025-05-23,46.9,0,11.0
E00455,U1270,C4,2025-06-21,49.0,0,11.0
E00456,U1270,C5,2025-04-27,82.0,1,
E00457,U1271,C1,2025-05-11,100.0,1,
E00458,U1271,C4,2025-03-29,0.0,0,19.0
E00459,U1271,C5,2025-05-20,57.2,0,13.0
E00460,U1272,C6,2025-07-22,72.8,0,24.0
E00461,U1273,C3,2025-05-15,65.1,0,9.0
E00462,U1273,C1,2025-06-06,56.4,0,22.0
E00463,U1273,C4,2025-06-23,31.2,0,27.0
E00464,U1274,C6,2025-07-24,41.4,0,18.0
E00465,U1275,C5,2025-03-09,83.1,1,
E00466,U1275,C3,2025-05-02,91.9,1,
E00467,U1276,C3,2025-05-27,67.4,0,8.0
E00468,U1276,C5,2025-02-06,44.1,0,3.0
E00469,U1276,C4,2025-07-13,67.4,0,17.0
E00470,U1277,C2,2025-05-16,59.0,0,6.0
E00471,U1278,C2,2025-02-09,78.6,0,27.0
E00472,U1278,C6,2025-06-19,68.0,0,15.0
E00473,U1279,C6,2025-01-12,49.5,0,11.0
E00474,U1280,C4,2025-02-01,69.8,0,14.0
E00475,U1281,C3,2025-04-07,35.5,0,4.0
E00476,U1282,C6,2025-07-25,85.5,1,
E00477,U1283,C3,2025-06-19,94.6,1,
E00478,U1283,C4,2025-01-23,35.5,0,9.0
E00479,U1284,C4,2025-06-27,75.5,0,4.0
E00480,U1285,C4,2025-07-07,40.2,0,26.0
E00481,U1286,C5,2025-02-08,91.8,1,
E00482,U1287,C2,2025-04-04,87.6,1,
E00483,U1288,C6,2025-03-02,59.2,0,20.0
E00484,U1289,C3,2025-07-25,89.9,1,
E00485,U1290,C1,2025-05-23,54.2,0,7.0
E00486,U1291,C3,2025-01-15,48.9,0,19.0
E00487,U1292,C6,2025-05-20,50.8,0,9.0
E00488,U1293,C3,2025-04-23,61.5,0,3.0
E00489,U1293,C2,2025-05-15,56.9,0,21.0
E00490,U1293,C6,2025-05-07,68.9,0,28.0
E00491,U1294,C2,2025-04-19,49.6,0,26.0
E00492,U1295,C3,2025-01-12,84.1,1,
E00493,U1296,C4,2025-01-11,90.5,1,
E00494,U1296,C3,2025-07-02,52.6,0,25.0
E00495,U1297,C4,2025-04-21,29.3,0,21.0
E00496,U1298,C3,2025-03-03,83.1,1,
E00497,U1298,C6,2025-04-09,93.5,1,
E00498,U1299,C2,2025-02-19,60.9,0,28.0
E00499,U1299,C5,2025-07-02,32.8,0,19.0
E00500,U1300,C6,2025-02-22,71.7,0,11.0
E00501,U1301,C1,2025-04-11,100.0,1,
E00502,U1301,C4,2025-05-15,18.1,0,14.0
E00503,U1301,C5,2025-05-08,76.9,0,30.0
E00504,U1302,C1,2025-04-29,57.2,0,23.0
E00505,U1302,C6,2025-04-22,43.6,0,14.0
E00506,U1302,C4,2025-05-02,77.5,0,6.0
E00507,U1303,C4,2025-02-04,32.5,0,17.0
E00508,U1303,C6,2025-07-12,72.4,0,27.0
E00509,U1303,C5,2025-01-03,97.8,1,
E00510,U1304,C6,2025-04-13,69.4,0,18.0
E00511,U1304,C2,2025-01-11,43.1,0,30.0
E00512,U1305,C5,2025-07-16,20.5,0,13.0
E00513,U1305,C3,2025-07-17,33.0,0,15.0
E00514,U1306,C2,2025-01-20,19.0,0,19.0
E00515,U1307,C1,2025-01-23,100.0,1,
E00516,U1307,C4,2025-07-12,58.8,0,7.0
E00517,U1308,C1,2025-07-02,38.9,0,11.0
E00518,U1308,C2,2025-05-04,32.5,0,28.0
E00519,U1309,C6,2025-07-11,38.3,0,14.0
E00520,U1310,C2,2025-07-29,56.6,0,2.0
E00521,U1310,C4,2025-06-10,32.9,0,5.0
E00522,U1311,C2,2025-05-13,100.0,1,
E00523,U1312,C2,2025-05-14,46.3,0,9.0
E00524,U1312,C5,2025-01-23,45.4,0,11.0
E00525,U1312,C3,2025-04-09,72.7,0,9.0
E00526,U1313,C3,2025-04-12,100.0,1,
E00527,U1313,C5,2025-05-11,98.1,1,
E00528,U1314,C6,2025-03-19,52.8,0,8.0
E00529,U1314,C1,2025-04-08,71.4,0,26.0
E00530,U1314,C3,2025-04-22,68.7,0,28.0
E00531,U1315,C3,2025-02-03,78.2,0,2.0
E00532,U1315,C2,2025-02-23,71.4,0,18.0
E00533,U1316,C4,2025-07-01,41.4,0,19.0
E00534,U1316,C6,2025-02-06,33.5,0,12.0
E00535,U1317,C3,2025-06-30,69.4,0,18.0
E00536,U1317,C2,2025-06-19,35.4,0,2.0
E00537,U1317,C4,2025-07-06,99.1,1,
E00538,U1318,C5,2025-01-18,66.0,0,14.0
E00539,U1319,C3,2025-02-26,39.3,0,26.0
E00540,U1319,C1,2025-04-23,57.0,0,10.0
E00541,U1319,C6,2025-02-21,52.3,0,23.0
E00542,U1320,C5,2025-06-06,61.7,0,15.0
E00543,U1321,C6,2025-04-24,88.6,1,
E00544,U1322,C2,2025-01-15,28.9,0,6.0
E00545,U1323,C6,2025-02-01,18.3,0,2.0
E00546,U1324,C1,2025-07-28,73.5,0,20.0
E00547,U1325,C1,2025-07-04,60.6,0,18.0
E00548,U1326,C2,2025-02-26,69.1,0,22.0
E00549,U1326,C4,2025-07-04,76.1,0,22.0
E00550,U1327,C2,2025-02-10,60.5,0,5.0
E00551,U1327,C5,2025-07-19,85.0,1,
E00552,U1328,C2,2025-04-30,42.7,0,4.0
E00553,U1328,C5,2025-02-21,66.6,0,26.0
E00554,U1328,C1,2025-01-24,44.2,0,2.0
E00555,U1329,C6,2025-03-07,36.8,0,23.0
E00556,U1330,C6,2025-01-15,80.4,1,
E00557,U1330,C4,2025-06-28,79.2,0,5.0
E00558,U1330,C2,2025-01-11,16.5,0,6.0
E00559,U1331,C3,2025-05-30,37.0,0,26.0
E00560,U1331,C2,2025-03-23,72.3,0,23.0
E00561,U1332,C2,2025-03-08,91.8,1,
E00562,U1332,C3,2025-03-25,48.4,0,18.0
E00563,U1333,C2,2025-04-11,60.4,0,2.0
E00564,U1333,C6,2025-03-25,29.7,0,13.0
E00565,U1334,C3,2025-02-27,100.0,1,
E00566,U1335,C6,2025-02-20,76.9,0,15.0
E00567,U1335,C1,2025-02-08,87.4,1,
E00568,U1336,C4,2025-06-23,81.5,1,
E00569,U1336,C3,2025-04-13,88.3,1,
E00570,U1337,C3,2025-02-01,80.2,1,
E00571,U1338,C2,2025-05-15,56.6,0,3.0
E00572,U1338,C5,2025-03-16,83.6,1,
E00573,U1339,C1,2025-07-12,67.0,0,26.0
E00574,U1340,C1,2025-02-21,97.4,1,
E00575,U1341,C3,2025-06-03,46.6,0,19.0
E00576,U1342,C1,2025-02-05,51.5,0,16.0
E00577,U1342,C2,2025-03-11,81.5,1,
E00578,U1343,C2,2025-03-18,97.0,1,
E00579,U1343,C5,2025-01-09,68.6,0,19.0
E00580,U1344,C1,2025-02-19,47.2,0,5.0
E00581,U1344,C3,2025-06-18,62.0,0,10.0
E00582,U1345,C3,2025-03-31,52.5,0,15.0
E00583,U1346,C3,2025-07-10,100.0,1,
E00584,U1347,C1,2025-07-21,87.5,1,
E00585,U1348,C1,2025-04-27,96.6,1,
E00586,U1348,C5,2025-01-25,72.5,0,24.0
E00587,U1349,C2,2025-04-11,51.1,0,15.0
E00588,U1349,C5,2025-01-10,94.3,1,
E00589,U1350,C5,2025-05-29,100.0,1,
E00590,U1351,C6,2025-06-28,79.5,0,5.0
E00591,U1352,C3,2025-01-20,64.4,0,12.0
E00592,U1353,C6,2025-04-03,92.0,1,
E00593,U1353,C2,2025-02-13,55.7,0,22.0
E00594,U1354,C3,2025-03-19,84.1,1,
E00595,U1354,C1,2025-02-08,47.2,0,9.0
E00596,U1354,C4,2025-01-25,40.7,0,4.0
E00597,U1355,C1,2025-03-11,79.2,0,18.0
E00598,U1355,C2,2025-05-19,73.4,0,4.0
E00599,U1355,C4,2025-03-25,100.0,1,
E00600,U1356,C2,2025-05-26,58.0,0,18.0
E00601,U1357,C3,2025-04-04,65.6,0,7.0
E00602,U1358,C5,2025-02-22,36.5,0,5.0
E00603,U1359,C6,2025-01-25,18.3,0,1.0
E00604,U1359,C5,2025-01-28,20.5,0,2.0
E00605,U1359,C2,2025-05-06,76.6,0,26.0
E00606,U1360,C5,2025-06-26,35.6,0,24.0
E00607,U1360,C2,2025-02-28,93.2,1,
E00608,U1361,C2,2025-02-09,100.0,1,
E00609,U1362,C1,2025-04-11,57.9,0,20.0
E00610,U1362,C4,2025-05-13,100.0,1,
E00611,U1363,C5,2025-01-31,70.7,0,3.0
E00612,U1364,C2,2025-03-04,93.1,1,
E00613,U1364,C6,2025-06-02,59.4,0,25.0
E00614,U1365,C6,2025-07-30,89.0,1,
E00615,U1365,C1,2025-03-04,41.4,0,3.0
E00616,U1366,C1,2025-02-25,80.6,1,
E00617,U1366,C6,2025-06-08,53.5,0,25.0
E00618,U1367,C3,2025-01-22,61.7,0,26.0
E00619,U1367,C6,2025-07-14,80.8,1,
E00620,U1368,C2,2025-01-03,69.3,0,11.0
E00621,U1369,C4,2025-01-23,63.1,0,26.0
E00622,U1369,C6,2025-03-04,83.2,1,
E00623,U1369,C1,2025-02-07,85.1,1,
E00624,U1370,C6,2025-02-08,30.4,0,26.0
E00625,U1370,C2,2025-03-30,79.0,0,25.0
E00626,U1371,C2,2025-02-26,81.8,1,
E00627,U1372,C6,2025-01-01,46.2,0,26.0
E00628,U1372,C1,2025-05-03,74.6,0,2.0
E00629,U1373,C3,2025-01-18,31.9,0,25.0
E00630,U1374,C1,2025-06-10,100.0,1,
E00631,U1374,C2,2025-01-13,59.1,0,28.0
E00632,U1375,C4,2025-01-24,63.0,0,21.0
E00633,U1376,C3,2025-02-11,94.9,1,
E00634,U1376,C5,2025-07-25,61.4,0,16.0
E00635,U1377,C6,2025-02-04,80.0,0,9.0
E00636,U1377,C4,2025-06-27,38.8,0,30.0
E00637,U1378,C1,2025-07-10,50.8,0,15.0
E00638,U1379,C6,2025-02-12,30.2,0,14.0
E00639,U1379,C5,2025-04-09,59.8,0,27.0
E00640,U1380,C5,2025-07-11,90.8,1,
E00641,U1380,C3,2025-06-01,70.6,0,18.0
E00642,U1381,C6,2025-01-18,87.1,1,
E00643,U1381,C1,2025-07-20,39.3,0,26.0
E00644,U1382,C2,2025-02-20,42.9,0,19.0
E00645,U1382,C6,2025-04-28,53.4,0,18.0
E00646,U1383,C4,2025-05-28,79.3,0,30.0
E00647,U1384,C6,2025-06-19,73.9,0,26.0
E00648,U1384,C1,2025-04-12,64.6,0,26.0
E00649,U1384,C4,2025-06-10,80.6,1,
E00650,U1385,C3,2025-04-14,61.2,0,3.0
E00651,U1385,C4,2025-02-28,64.5,0,21.0
E00652,U1386,C3,2025-04-20,97.6,1,
E00653,U1386,C5,2025-07-22,50.3,0,10.0
E00654,U1387,C4,2025-06-04,69.6,0,1.0
E00655,U1388,C4,2025-06-04,100.0,1,
E00656,U1388,C6,2025-03-18,67.5,0,15.0
E00657,U1388,C5,2025-02-07,82.7,1,
E00658,U1389,C2,2025-01-22,49.8,0,12.0
E00659,U1390,C4,2025-06-08,100.0,1,
E00660,U1391,C3,2025-01-23,8.8,0,9.0
E00661,U1392,C4,2025-04-15,36.6,0,22.0
E00662,U1393,C2,2025-02-25,38.7,0,22.0
E00663,U1393,C1,2025-06-10,100.0,1,
E00664,U1394,C2,2025-04-10,73.8,0,9.0
E00665,U1395,C2,2025-04-03,58.4,0,6.0
E00666,U1396,C5,2025-04-11,33.0,0,10.0
E00667,U1397,C5,2025-07-22,74.1,0,20.0
E00668,U1398,C2,2025-04-11,67.9,0,17.0
E00669,U1399,C2,2025-01-27,47.7,0,8.0
