user_id,course_id,rating,review_text,review_date
U1000,C3,1,기대보다 많이 아쉬웠어요,2025-05-01
U1000,C1,2,설명이 부족한 부분이 있어요,2025-03-03
U1001,C6,3,무난하지만 아쉬운 점이 있어요,2025-02-17
U1001,C2,2,설명이 부족한 부분이 있어요,2025-07-30
U1003,C5,3,무난하지만 아쉬운 점이 있어요,2025-02-13
U1003,C6,5,실습이 많아 이해가 잘 됐어요,2025-03-21
U1004,C3,5,실습이 많아 이해가 잘 됐어요,2025-08-30
U1004,C4,3,무난하지만 아쉬운 점이 있어요,2025-02-01
U1009,C4,3,무난하지만 아쉬운 점이 있어요,2025-07-06
U1010,C2,3,무난하지만 아쉬운 점이 있어요,2025-05-28
U1010,C6,4,구성은 좋은데 조금 빠른 느낌,2025-06-13
U1011,C1,4,구성은 좋은데 조금 빠른 느낌,2025-04-21
U1012,C1,4,전반적으로 만족합니다,2025-04-13
U1013,C5,3,무난하지만 아쉬운 점이 있어요,2025-07-11
U1016,C5,2,설명이 부족한 부분이 있어요,2025-02-12
U1017,C2,3,무난하지만 아쉬운 점이 있어요,2025-03-18
U1021,C2,3,무난하지만 아쉬운 점이 있어요,2025-06-08
U1022,C5,1,기대보다 많이 아쉬웠어요,2025-04-17
U1024,C5,4,구성은 좋은데 조금 빠른 느낌,2025-06-03
U1025,C1,4,구성은 좋은데 조금 빠른 느낌,2025-02-09
U1025,C3,3,무난하지만 아쉬운 점이 있어요,2025-07-06
U1028,C3,4,구성은 좋은데 조금 빠른 느낌,2025-07-24
U1029,C4,4,구성은 좋은데 조금 빠른 느낌,2025-08-03
U1030,C1,5,실습이 많아 이해가 잘 됐어요,2025-05-19
U1031,C6,5,실무에 바로 써먹을 수 있어요,2025-08-31
U1031,C2,1,기대보다 많이 아쉬웠어요,2025-05-30
U1031,C4,1,기대보다 많이 아쉬웠어요,2025-05-09
U1033,C1,4,구성은 좋은데 조금 빠른 느낌,2025-06-03
U1034,C6,5,실무에 바로 써먹을 수 있어요,2025-07-05
U1034,C2,1,기대보다 많이 아쉬웠어요,2025-06-19
U1036,C5,1,기대보다 많이 아쉬웠어요,2025-03-03
U1037,C3,3,무난하지만 아쉬운 점이 있어요,2025-08-03
U1037,C5,5,실습이 많아 이해가 잘 됐어요,2025-02-09
U1039,C4,5,실무에 바로 써먹을 수 있어요,2025-05-03
U1040,C6,1,기대보다 많이 아쉬웠어요,2025-05-25
U1042,C2,5,실무에 바로 써먹을 수 있어요,2025-07-16
U1044,C5,3,무난하지만 아쉬운 점이 있어요,2025-08-07
U1045,C5,4,전반적으로 만족합니다,2025-02-17
U1047,C4,5,실습이 많아 이해가 잘 됐어요,2025-05-21
U1049,C6,2,설명이 부족한 부분이 있어요,2025-08-30
U1051,C6,1,기대보다 많이 아쉬웠어요,2025-04-16
U1057,C6,2,설명이 부족한 부분이 있어요,2025-04-05
U1058,C5,4,구성은 좋은데 조금 빠른 느낌,2025-03-08
U1059,C4,4,구성은 좋은데 조금 빠른 느낌,2025-02-21
U1060,C6,2,설명이 부족한 부분이 있어요,2025-08-01
U1061,C1,4,구성은 좋은데 조금 빠른 느낌,2025-06-21
U1062,C5,1,기대보다 많이 아쉬웠어요,2025-04-14
U1063,C1,4,구성은 좋은데 조금 빠른 느낌,2025-07-06
U1064,C1,2,설명이 부족한 부분이 있어요,2025-02-01
U1068,C3,3,무난하지만 아쉬운 점이 있어요,2025-09-05
U1068,C6,1,기대보다 많이 아쉬웠어요,2025-07-16
U1069,C1,2,설명이 부족한 부분이 있어요,2025-08-03
U1071,C1,4,전반적으로 만족합니다,2025-05-21
U1072,C6,4,전반적으로 만족합니다,2025-02-12
U1073,C1,4,구성은 좋은데 조금 빠른 느낌,2025-05-24
U1073,C4,4,전반적으로 만족합니다,2025-05-23
U1076,C1,4,구성은 좋은데 조금 빠른 느낌,2025-08-17
U1078,C1,4,전반적으로 만족합니다,2025-02-04
U1082,C1,5,실습이 많아 이해가 잘 됐어요,2025-06-21
U1084,C5,3,무난하지만 아쉬운 점이 있어요,2025-03-24
U1085,C2,5,실습이 많아 이해가 잘 됐어요,2025-09-02
U1086,C4,2,설명이 부족한 부분이 있어요,2025-02-03
U1087,C4,2,설명이 부족한 부분이 있어요,2025-04-15
U1088,C3,2,설명이 부족한 부분이 있어요,2025-07-13
U1088,C4,2,설명이 부족한 부분이 있어요,2025-04-02
U1089,C2,2,설명이 부족한 부분이 있어요,2025-09-13
U1090,C1,2,설명이 부족한 부분이 있어요,2025-06-16
U1092,C3,2,설명이 부족한 부분이 있어요,2025-04-18
U1093,C1,1,기대보다 많이 아쉬웠어요,2025-06-25
U1093,C5,1,기대보다 많이 아쉬웠어요,2025-03-03
U1093,C3,1,기대보다 많이 아쉬웠어요,2025-06-18
U1097,C2,4,구성은 좋은데 조금 빠른 느낌,2025-07-15
U1098,C6,2,설명이 부족한 부분이 있어요,2025-07-16
U1099,C4,1,기대보다 많이 아쉬웠어요,2025-02-02
U1103,C5,4,전반적으로 만족합니다,2025-03-22
U1103,C3,3,무난하지만 아쉬운 점이 있어요,2025-07-07
U1104,C2,4,구성은 좋은데 조금 빠른 느낌,2025-04-02
U1104,C5,5,실무에 바로 써먹을 수 있어요,2025-03-11
U1105,C6,1,기대보다 많이 아쉬웠어요,2025-07-30
U1105,C5,3,무난하지만 아쉬운 점이 있어요,2025-05-18
U1106,C1,1,기대보다 많이 아쉬웠어요,2025-04-25
U1107,C6,5,실습이 많아 이해가 잘 됐어요,2025-03-03
U1107,C1,2,설명이 부족한 부분이 있어요,2025-05-03
U1108,C4,3,무난하지만 아쉬운 점이 있어요,2025-06-23
U1109,C3,3,무난하지만 아쉬운 점이 있어요,2025-04-01
U1110,C4,5,실무에 바로 써먹을 수 있어요,2025-07-03
U1110,C6,5,실습이 많아 이해가 잘 됐어요,2025-05-17
U1115,C5,5,실습이 많아 이해가 잘 됐어요,2025-03-05
U1115,C3,1,기대보다 많이 아쉬웠어요,2025-03-05
U1118,C6,3,무난하지만 아쉬운 점이 있어요,2025-06-04
U1119,C6,4,구성은 좋은데 조금 빠른 느낌,2025-04-07
U1120,C6,4,구성은 좋은데 조금 빠른 느낌,2025-07-31
U1122,C2,3,무난하지만 아쉬운 점이 있어요,2025-09-14
U1123,C1,1,기대보다 많이 아쉬웠어요,2025-02-23
U1125,C3,3,무난하지만 아쉬운 점이 있어요,2025-03-04
U1129,C6,1,기대보다 많이 아쉬웠어요,2025-04-19
U1130,C4,3,무난하지만 아쉬운 점이 있어요,2025-04-09
U1132,C3,3,무난하지만 아쉬운 점이 있어요,2025-06-05
U1133,C1,3,무난하지만 아쉬운 점이 있어요,2025-02-27
U1133,C4,1,기대보다 많이 아쉬웠어요,2025-08-17
U1134,C6,2,설명이 부족한 부분이 있어요,2025-04-18
U1137,C2,3,무난하지만 아쉬운 점이 있어요,2025-02-11
U1138,C3,2,설명이 부족한 부분이 있어요,2025-04-02
U1139,C1,4,구성은 좋은데 조금 빠른 느낌,2025-04-27
U1140,C6,4,전반적으로 만족합니다,2025-06-10
U1140,C4,4,전반적으로 만족합니다,2025-03-11
U1142,C6,1,기대보다 많이 아쉬웠어요,2025-03-26
U1142,C1,2,설명이 부족한 부분이 있어요,2025-08-10
U1144,C2,4,구성은 좋은데 조금 빠른 느낌,2025-02-21
U1145,C5,3,무난하지만 아쉬운 점이 있어요,2025-06-14
U1147,C4,4,구성은 좋은데 조금 빠른 느낌,2025-03-11
U1148,C2,5,실무에 바로 써먹을 수 있어요,2025-04-10
U1148,C6,2,설명이 부족한 부분이 있어요,2025-03-02
U1148,C4,2,설명이 부족한 부분이 있어요,2025-09-11
U1149,C2,4,구성은 좋은데 조금 빠른 느낌,2025-02-03
U1150,C5,5,실습이 많아 이해가 잘 됐어요,2025-06-29
U1152,C1,3,무난하지만 아쉬운 점이 있어요,2025-07-16
U1152,C3,4,전반적으로 만족합니다,2025-08-27
U1155,C2,5,실습이 많아 이해가 잘 됐어요,2025-03-04
U1155,C5,4,전반적으로 만족합니다,2025-04-22
U1156,C5,2,설명이 부족한 부분이 있어요,2025-06-03
U1157,C3,1,기대보다 많이 아쉬웠어요,2025-08-20
U1158,C1,5,실무에 바로 써먹을 수 있어요,2025-04-12
U1159,C2,5,실습이 많아 이해가 잘 됐어요,2025-02-09
U1159,C1,2,설명이 부족한 부분이 있어요,2025-03-04
U1162,C6,5,실습이 많아 이해가 잘 됐어요,2025-04-03
U1164,C2,2,설명이 부족한 부분이 있어요,2025-07-07
U1165,C1,4,구성은 좋은데 조금 빠른 느낌,2025-07-18
U1166,C5,2,설명이 부족한 부분이 있어요,2025-05-05
U1170,C3,4,구성은 좋은데 조금 빠른 느낌,2025-03-15
U1171,C2,4,전반적으로 만족합니다,2025-02-14
U1171,C5,1,기대보다 많이 아쉬웠어요,2025-07-15
U1171,C1,4,구성은 좋은데 조금 빠른 느낌,2025-06-26
U1174,C6,5,실습이 많아 이해가 잘 됐어요,2025-08-24
U1174,C4,4,구성은 좋은데 조금 빠른 느낌,2025-07-07
U1177,C5,3,무난하지만 아쉬운 점이 있어요,2025-04-17
U1178,C1,4,전반적으로 만족합니다,2025-02-23
U1181,C4,4,전반적으로 만족합니다,2025-07-03
U1184,C2,1,기대보다 많이 아쉬웠어요,2025-07-02
U1185,C5,5,실습이 많아 이해가 잘 됐어요,2025-09-15
U1187,C5,1,기대보다 많이 아쉬웠어요,2025-07-09
U1189,C1,5,실습이 많아 이해가 잘 됐어요,2025-08-07
U1191,C6,1,기대보다 많이 아쉬웠어요,2025-02-10
U1192,C1,1,기대보다 많이 아쉬웠어요,2025-08-07
U1194,C6,1,기대보다 많이 아쉬웠어요,2025-03-13
U1194,C1,3,무난하지만 아쉬운 점이 있어요,2025-05-13
U1195,C1,1,기대보다 많이 아쉬웠어요,2025-08-15
U1197,C3,1,기대보다 많이 아쉬웠어요,2025-03-04
U1198,C6,5,실습이 많아 이해가 잘 됐어요,2025-04-30
U1199,C1,3,무난하지만 아쉬운 점이 있어요,2025-02-26
U1200,C5,4,전반적으로 만족합니다,2025-07-10
U1202,C6,4,전반적으로 만족합니다,2025-05-12
U1203,C4,3,무난하지만 아쉬운 점이 있어요,2025-08-07
U1207,C5,1,기대보다 많이 아쉬웠어요,2025-07-11
U1208,C6,2,설명이 부족한 부분이 있어요,2025-06-01
U1208,C4,2,설명이 부족한 부분이 있어요,2025-05-13
U1208,C1,1,기대보다 많이 아쉬웠어요,2025-06-19
U1209,C1,1,기대보다 많이 아쉬웠어요,2025-06-07
U1209,C2,2,설명이 부족한 부분이 있어요,2025-02-04
U1212,C1,4,구성은 좋은데 조금 빠른 느낌,2025-05-23
U1213,C2,3,무난하지만 아쉬운 점이 있어요,2025-08-20
U1215,C3,2,설명이 부족한 부분이 있어요,2025-08-30
U1216,C6,2,설명이 부족한 부분이 있어요,2025-04-05
U1217,C5,3,무난하지만 아쉬운 점이 있어요,2025-04-08
U1223,C1,3,무난하지만 아쉬운 점이 있어요,2025-06-04
U1224,C3,1,기대보다 많이 아쉬웠어요,2025-08-12
U1226,C6,5,실무에 바로 써먹을 수 있어요,2025-04-13
U1227,C4,4,전반적으로 만족합니다,2025-04-25
U1227,C1,3,무난하지만 아쉬운 점이 있어요,2025-04-21
U1228,C5,4,구성은 좋은데 조금 빠른 느낌,2025-04-10
U1229,C3,2,설명이 부족한 부분이 있어요,2025-02-18
U1230,C3,3,무난하지만 아쉬운 점이 있어요,2025-03-24
U1232,C1,4,전반적으로 만족합니다,2025-03-24
U1233,C2,2,설명이 부족한 부분이 있어요,2025-04-25
U1235,C5,4,구성은 좋은데 조금 빠른 느낌,2025-08-20
U1236,C4,1,기대보다 많이 아쉬웠어요,2025-02-19
U1239,C4,4,전반적으로 만족합니다,2025-03-23
U1241,C1,5,실습이 많아 이해가 잘 됐어요,2025-07-06
U1243,C3,5,실무에 바로 써먹을 수 있어요,2025-07-19
U1245,C3,4,전반적으로 만족합니다,2025-04-10
U1247,C2,1,기대보다 많이 아쉬웠어요,2025-08-30
U1247,C3,1,기대보다 많이 아쉬웠어요,2025-06-08
U1247,C4,5,실무에 바로 써먹을 수 있어요,2025-06-21
U1250,C5,2,설명이 부족한 부분이 있어요,2025-07-31
U1251,C1,1,기대보다 많이 아쉬웠어요,2025-03-18
U1252,C4,3,무난하지만 아쉬운 점이 있어요,2025-04-24
U1254,C1,5,실무에 바로 써먹을 수 있어요,2025-06-24
U1256,C3,2,설명이 부족한 부분이 있어요,2025-02-09
U1257,C4,4,전반적으로 만족합니다,2025-05-31
U1258,C2,3,무난하지만 아쉬운 점이 있어요,2025-09-04
U1261,C3,5,실무에 바로 써먹을 수 있어요,2025-07-02
U1262,C2,2,설명이 부족한 부분이 있어요,2025-06-02
U1262,C1,2,설명이 부족한 부분이 있어요,2025-05-15
U1263,C1,3,무난하지만 아쉬운 점이 있어요,2025-03-10
U1264,C5,5,실무에 바로 써먹을 수 있어요,2025-04-25
U1266,C4,2,설명이 부족한 부분이 있어요,2025-08-27
U1270,C5,3,무난하지만 아쉬운 점이 있어요,2025-02-18
U1271,C1,1,기대보다 많이 아쉬웠어요,2025-08-03
U1271,C4,5,실무에 바로 써먹을 수 있어요,2025-06-26
U1273,C4,1,기대보다 많이 아쉬웠어요,2025-08-03
U1275,C5,3,무난하지만 아쉬운 점이 있어요,2025-08-08
U1276,C3,5,실무에 바로 써먹을 수 있어요,2025-06-28
U1276,C5,3,무난하지만 아쉬운 점이 있어요,2025-07-16
U1276,C4,2,설명이 부족한 부분이 있어요,2025-06-24
U1277,C2,4,전반적으로 만족합니다,2025-03-27
U1278,C6,3,무난하지만 아쉬운 점이 있어요,2025-09-12
U1279,C6,5,실습이 많아 이해가 잘 됐어요,2025-07-09
U1280,C4,2,설명이 부족한 부분이 있어요,2025-02-01
U1282,C6,5,실습이 많아 이해가 잘 됐어요,2025-08-17
U1287,C2,2,설명이 부족한 부분이 있어요,2025-06-21
U1289,C3,3,무난하지만 아쉬운 점이 있어요,2025-03-27
U1290,C1,4,전반적으로 만족합니다,2025-05-13
U1291,C3,2,설명이 부족한 부분이 있어요,2025-04-04
U1293,C2,4,전반적으로 만족합니다,2025-05-13
U1294,C2,4,구성은 좋은데 조금 빠른 느낌,2025-07-22
U1295,C3,1,기대보다 많이 아쉬웠어요,2025-08-26
U1296,C4,2,설명이 부족한 부분이 있어요,2025-09-01
U1296,C3,2,설명이 부족한 부분이 있어요,2025-03-23
U1301,C4,3,무난하지만 아쉬운 점이 있어요,2025-07-15
U1301,C5,2,설명이 부족한 부분이 있어요,2025-08-21
U1302,C1,5,실습이 많아 이해가 잘 됐어요,2025-08-28
U1302,C6,5,실습이 많아 이해가 잘 됐어요,2025-08-13
U1302,C4,4,전반적으로 만족합니다,2025-04-10
U1303,C4,3,무난하지만 아쉬운 점이 있어요,2025-06-21
U1304,C2,4,전반적으로 만족합니다,2025-08-18
U1305,C5,1,기대보다 많이 아쉬웠어요,2025-05-26
U1308,C1,3,무난하지만 아쉬운 점이 있어요,2025-04-07
U1309,C6,3,무난하지만 아쉬운 점이 있어요,2025-06-16
U1315,C3,1,기대보다 많이 아쉬웠어요,2025-03-08
U1315,C2,1,기대보다 많이 아쉬웠어요,2025-02-16
U1317,C2,4,구성은 좋은데 조금 빠른 느낌,2025-09-15
U1319,C1,2,설명이 부족한 부분이 있어요,2025-04-28
U1319,C6,3,무난하지만 아쉬운 점이 있어요,2025-06-28
U1322,C2,2,설명이 부족한 부분이 있어요,2025-06-04
U1323,C6,3,무난하지만 아쉬운 점이 있어요,2025-07-12
U1325,C1,3,무난하지만 아쉬운 점이 있어요,2025-04-10
U1326,C4,1,기대보다 많이 아쉬웠어요,2025-02-19
U1328,C2,1,기대보다 많이 아쉬웠어요,2025-05-01
U1330,C4,5,실습이 많아 이해가 잘 됐어요,2025-06-25
U1331,C2,1,기대보다 많이 아쉬웠어요,2025-04-26
U1332,C3,2,설명이 부족한 부분이 있어요,2025-05-07
U1333,C6,2,설명이 부족한 부분이 있어요,2025-04-22
U1335,C6,3,무난하지만 아쉬운 점이 있어요,2025-08-30
U1337,C3,5,실무에 바로 써먹을 수 있어요,2025-08-11
U1342,C2,3,무난하지만 아쉬운 점이 있어요,2025-06-20
U1343,C2,2,설명이 부족한 부분이 있어요,2025-05-06
U1344,C1,2,설명이 부족한 부분이 있어요,2025-02-20
U1344,C3,3,무난하지만 아쉬운 점이 있어요,2025-04-01
U1349,C2,3,무난하지만 아쉬운 점이 있어요,2025-09-12
U1349,C5,4,구성은 좋은데 조금 빠른 느낌,2025-09-12
U1350,C5,5,실무에 바로 써먹을 수 있어요,2025-02-22
U1351,C6,3,무난하지만 아쉬운 점이 있어요,2025-04-23
U1352,C3,3,무난하지만 아쉬운 점이 있어요,2025-08-02
U1353,C6,3,무난하지만 아쉬운 점이 있어요,2025-03-30
U1353,C2,4,구성은 좋은데 조금 빠른 느낌,2025-07-01
U1354,C4,3,무난하지만 아쉬운 점이 있어요,2025-02-09
U1355,C4,4,구성은 좋은데 조금 빠른 느낌,2025-07-28
U1360,C2,2,설명이 부족한 부분이 있어요,2025-03-31
U1362,C1,4,구성은 좋은데 조금 빠른 느낌,2025-07-15
U1362,C4,2,설명이 부족한 부분이 있어요,2025-08-08
U1364,C6,5,실무에 바로 써먹을 수 있어요,2025-03-29
U1366,C6,3,무난하지만 아쉬운 점이 있어요,2025-02-27
U1368,C2,5,실습이 많아 이해가 잘 됐어요,2025-08-12
U1369,C4,4,구성은 좋은데 조금 빠른 느낌,2025-06-18
U1370,C2,5,실무에 바로 써먹을 수 있어요,2025-03-03
U1371,C2,4,전반적으로 만족합니다,2025-08-12
U1372,C6,1,기대보다 많이 아쉬웠어요,2025-06-06
U1372,C1,5,실무에 바로 써먹을 수 있어요,2025-04-09
U1373,C3,5,실무에 바로 써먹을 수 있어요,2025-05-26
U1375,C4,5,실습이 많아 이해가 잘 됐어요,2025-05-14
U1376,C5,4,전반적으로 만족합니다,2025-08-27
U1378,C1,4,구성은 좋은데 조금 빠른 느낌,2025-02-07
U1380,C5,4,구성은 좋은데 조금 빠른 느낌,2025-06-23
U1381,C6,3,무난하지만 아쉬운 점이 있어요,2025-04-10
U1382,C6,3,무난하지만 아쉬운 점이 있어요,2025-04-14
U1384,C1,1,기대보다 많이 아쉬웠어요,2025-09-09
U1385,C3,2,설명이 부족한 부분이 있어요,2025-07-02
U1386,C5,1,기대보다 많이 아쉬웠어요,2025-02-14
U1387,C4,4,구성은 좋은데 조금 빠른 느낌,2025-08-21
U1388,C6,2,설명이 부족한 부분이 있어요,2025-06-08
U1388,C5,1,기대보다 많이 아쉬웠어요,2025-05-27
U1394,C2,1,기대보다 많이 아쉬웠어요,2025-06-05
U1396,C5,3,무난하지만 아쉬운 점이 있어요,2025-06-06
U1399,C2,2,설명이 부족한 부분이 있어요,2025-06-13
