user_id,age,gender,job,experience_level,signup_date,marketing_channel
U1000,29,M,프리랜서,초급,2025-01-19,유튜브
U1001,22,F,개발자,비전공,2025-05-10,검색
U1002,21,F,프리랜서,비전공,2025-01-24,SNS
U1003,20,M,취준생,초급,2025-05-30,지인추천
U1004,37,F,대학생,중급,2025-01-12,SNS
U1005,23,F,프리랜서,비전공,2025-01-31,SNS
U1006,36,M,대학생,초급,2025-06-13,검색
U1007,22,M,개발자,비전공,2025-02-22,유료광고
U1008,36,F,마케터,비전공,2025-05-30,지인추천
U1009,30,F,취준생,초급,2025-06-28,유튜브
U1010,21,F,개발자,초급,2025-03-29,유튜브
U1011,28,M,대학생,초급,2025-02-12,유튜브
U1012,23,F,프리랜서,비전공,2025-06-21,검색
U1013,36,F,직장인,초급,2025-06-02,유료광고
U1014,44,F,대학생,중급,2025-03-11,유료광고
U1015,40,M,대학생,초급,2025-03-21,SNS
U1016,40,F,직장인,초급,2025-06-21,유료광고
U1017,33,F,취준생,초급,2025-05-07,검색
U1018,43,F,취준생,초급,2025-04-12,유료광고
U1019,34,M,취준생,초급,2025-05-21,검색
U1020,23,F,마케터,초급,2025-06-30,유료광고
U1021,30,F,취준생,비전공,2025-02-15,검색
U1022,40,M,대학생,초급,2025-05-31,검색
U1023,28,M,취준생,초급,2025-04-05,SNS
U1024,29,M,기획자,중급,2025-06-08,SNS
U1025,42,M,프리랜서,중급,2025-06-24,유튜브
U1026,31,F,프리랜서,초급,2025-05-04,SNS
U1027,20,M,대학생,중급,2025-04-23,검색
U1028,29,M,대학생,비전공,2025-02-08,SNS
U1029,30,M,대학생,중급,2025-06-07,유료광고
U1030,39,F,직장인,초급,2025-05-02,검색
U1031,34,F,프리랜서,초급,2025-01-22,검색
U1032,42,F,기획자,비전공,2025-06-27,검색
U1033,19,M,개발자,초급,2025-06-26,SNS
U1034,19,F,기획자,중급,2025-06-28,유튜브
U1035,35,F,취준생,초급,2025-02-27,SNS
U1036,43,F,기획자,비전공,2025-02-19,유튜브
U1037,45,F,기획자,중급,2025-02-21,SNS
U1038,30,M,대학생,초급,2025-05-01,검색
U1039,41,F,프리랜서,중급,2025-03-31,이메일
U1040,30,M,취준생,비전공,2025-05-01,검색
U1041,25,F,개발자,중급,2025-06-06,유튜브
U1042,34,F,마케터,초급,2025-06-19,검색
U1043,31,M,프리랜서,중급,2025-04-22,유튜브
U1044,29,M,마케터,중급,2025-04-12,유료광고
U1045,42,M,기획자,비전공,2025-02-02,검색
U1046,37,F,마케터,초급,2025-06-06,유튜브
U1047,34,F,취준생,초급,2025-02-03,검색
U1048,44,M,개발자,초급,2025-02-05,유료광고
U1049,25,M,대학생,비전공,2025-03-16,SNS
U1050,43,F,직장인,초급,2025-02-03,검색
U1051,42,F,프리랜서,초급,2025-05-13,유료광고
U1052,35,M,개발자,비전공,2025-05-11,검색
U1053,33,M,개발자,비전공,2025-02-08,검색
U1054,34,M,개발자,비전공,2025-06-24,SNS
U1055,36,F,마케터,초급,2025-05-24,검색
U1056,25,F,대학생,초급,2025-05-10,유료광고
U1057,19,M,프리랜서,비전공,2025-05-10,SNS
U1058,25,F,프리랜서,초급,2025-05-03,SNS
U1059,26,F,개발자,중급,2025-02-21,유튜브
U1060,23,F,대학생,초급,2025-03-22,검색
U1061,26,F,대학생,비전공,2025-03-19,유튜브
U1062,43,M,기획자,초급,2025-04-04,검색
U1063,23,F,취준생,초급,2025-01-25,유료광고
U1064,34,M,기획자,중급,2025-02-11,유튜브
U1065,35,F,직장인,초급,2025-04-02,유료광고
U1066,42,F,대학생,비전공,2025-04-28,유료광고
U1067,19,F,직장인,초급,2025-03-17,SNS
U1068,21,M,마케터,비전공,2025-01-27,검색
U1069,27,M,마케터,비전공,2025-02-03,유튜브
U1070,40,F,프리랜서,비전공,2025-05-12,SNS
U1071,41,F,대학생,비전공,2025-06-26,검색
U1072,21,F,대학생,초급,2025-03-08,검색
U1073,26,M,직장인,중급,2025-04-27,검색
U1074,36,F,직장인,초급,2025-01-12,SNS
U1075,26,M,취준생,비전공,2025-02-16,검색
U1076,28,F,개발자,초급,2025-03-16,유료광고
U1077,40,M,직장인,비전공,2025-01-05,이메일
U1078,20,M,대학생,초급,2025-05-22,이메일
U1079,35,F,취준생,중급,2025-01-28,SNS
U1080,39,F,기획자,초급,2025-04-11,이메일
U1081,28,M,취준생,비전공,2025-06-30,유튜브
U1082,23,F,직장인,중급,2025-02-03,검색
U1083,39,F,프리랜서,비전공,2025-01-22,SNS
U1084,31,F,개발자,비전공,2025-03-17,검색
U1085,24,M,직장인,초급,2025-03-09,유료광고
U1086,29,F,취준생,비전공,2025-03-21,검색
U1087,24,M,직장인,초급,2025-05-02,검색
U1088,39,M,취준생,초급,2025-01-02,검색
U1089,45,M,취준생,초급,2025-01-11,유료광고
U1090,28,F,기획자,비전공,2025-05-30,이메일
U1091,43,M,기획자,중급,2025-06-02,유료광고
U1092,29,F,취준생,비전공,2025-06-08,SNS
U1093,20,F,기획자,초급,2025-05-10,검색
U1094,35,M,마케터,초급,2025-06-24,이메일
U1095,39,M,대학생,비전공,2025-02-04,SNS
U1096,22,F,마케터,초급,2025-01-13,SNS
U1097,39,M,프리랜서,비전공,2025-04-27,유튜브
U1098,42,M,기획자,초급,2025-05-02,검색
U1099,21,F,취준생,초급,2025-02-22,검색
U1100,39,F,프리랜서,중급,2025-01-20,유료광고
U1101,40,F,마케터,비전공,2025-06-11,SNS
U1102,21,M,직장인,비전공,2025-06-27,유료광고
U1103,37,M,대학생,초급,2025-05-05,검색
U1104,40,M,기획자,비전공,2025-05-06,검색
U1105,35,F,프리랜서,초급,2025-01-31,이메일
U1106,36,M,직장인,중급,2025-05-02,검색
U1107,33,M,마케터,초급,2025-04-26,이메일
U1108,31,M,취준생,비전공,2025-01-24,검색
U1109,35,F,직장인,비전공,2025-06-11,SNS
U1110,22,F,취준생,초급,2025-05-05,유료광고
U1111,24,M,프리랜서,초급,2025-04-14,유료광고
U1112,23,F,직장인,초급,2025-01-31,유튜브
U1113,19,F,마케터,비전공,2025-04-12,검색
U1114,25,M,기획자,비전공,2025-04-06,검색
U1115,31,M,직장인,중급,2025-03-12,지인추천
U1116,27,M,대학생,중급,2025-03-15,SNS
U1117,23,M,직장인,초급,2025-03-22,검색
U1118,30,F,대학생,중급,2025-06-11,유료광고
U1119,36,M,기획자,비전공,2025-04-16,유료광고
U1120,43,M,기획자,중급,2025-05-05,검색
U1121,36,M,취준생,초급,2025-03-29,검색
U1122,27,F,프리랜서,초급,2025-03-19,유료광고
U1123,40,F,대학생,비전공,2025-02-11,검색
U1124,35,F,개발자,비전공,2025-03-27,이메일
U1125,33,F,취준생,초급,2025-03-04,검색
U1126,29,M,직장인,비전공,2025-03-08,유튜브
U1127,25,M,기획자,중급,2025-04-09,유료광고
U1128,35,M,프리랜서,비전공,2025-01-16,유료광고
U1129,37,F,취준생,초급,2025-05-16,SNS
U1130,25,M,직장인,중급,2025-04-09,유료광고
U1131,33,F,직장인,중급,2025-01-06,검색
U1132,32,F,개발자,초급,2025-01-19,유료광고
U1133,45,F,프리랜서,비전공,2025-01-28,검색
U1134,23,M,마케터,초급,2025-06-15,유튜브
U1135,33,M,개발자,초급,2025-01-01,유튜브
U1136,26,M,기획자,초급,2025-02-02,SNS
U1137,35,F,기획자,초급,2025-01-26,검색
U1138,35,M,프리랜서,비전공,2025-06-03,검색
U1139,36,F,프리랜서,비전공,2025-03-22,SNS
U1140,26,F,개발자,비전공,2025-03-05,검색
U1141,32,F,대학생,비전공,2025-05-08,지인추천
U1142,39,F,대학생,비전공,2025-06-20,유료광고
U1143,30,M,프리랜서,비전공,2025-03-28,유튜브
U1144,30,F,취준생,비전공,2025-03-16,유튜브
U1145,35,M,취준생,초급,2025-02-21,유료광고
U1146,45,M,취준생,초급,2025-03-09,유튜브
U1147,28,M,개발자,초급,2025-02-17,지인추천
U1148,34,F,기획자,비전공,2025-06-02,검색
U1149,31,M,취준생,비전공,2025-06-02,검색
U1150,20,M,취준생,초급,2025-03-22,유튜브
U1151,21,M,직장인,비전공,2025-06-17,지인추천
U1152,42,F,대학생,비전공,2025-04-07,유튜브
U1153,29,F,취준생,비전공,2025-01-21,검색
U1154,30,F,대학생,초급,2025-02-23,유료광고
U1155,43,F,마케터,중급,2025-01-23,검색
U1156,34,M,직장인,초급,2025-04-25,검색
U1157,30,F,대학생,초급,2025-03-05,유튜브
U1158,43,F,대학생,초급,2025-04-29,검색
U1159,20,F,취준생,초급,2025-06-05,유료광고
U1160,27,F,개발자,비전공,2025-06-26,유료광고
U1161,27,F,대학생,초급,2025-06-02,지인추천
U1162,39,M,대학생,중급,2025-01-28,유료광고
U1163,33,F,마케터,비전공,2025-04-21,유튜브
U1164,23,F,취준생,비전공,2025-03-19,유튜브
U1165,43,M,개발자,비전공,2025-03-23,유료광고
U1166,44,M,개발자,비전공,2025-02-10,검색
U1167,21,M,프리랜서,초급,2025-03-25,검색
U1168,32,M,대학생,비전공,2025-01-22,검색
U1169,32,F,기획자,중급,2025-02-14,검색
U1170,32,F,개발자,중급,2025-03-02,유튜브
U1171,43,M,마케터,중급,2025-03-17,검색
U1172,27,F,직장인,초급,2025-02-20,유료광고
U1173,24,M,취준생,비전공,2025-05-29,검색
U1174,21,F,직장인,중급,2025-05-10,SNS
U1175,39,M,기획자,초급,2025-01-10,검색
U1176,34,M,마케터,초급,2025-04-06,검색
U1177,28,M,대학생,비전공,2025-06-03,이메일
U1178,37,M,대학생,초급,2025-02-15,유료광고
U1179,27,M,대학생,초급,2025-06-08,유료광고
U1180,20,F,직장인,비전공,2025-02-22,이메일
U1181,20,M,마케터,비전공,2025-03-25,유료광고
U1182,30,M,개발자,비전공,2025-02-22,검색
U1183,34,F,대학생,초급,2025-04-12,SNS
U1184,23,M,기획자,비전공,2025-06-28,검색
U1185,28,F,프리랜서,중급,2025-03-21,유튜브
U1186,30,F,프리랜서,비전공,2025-04-04,SNS
U1187,31,F,취준생,중급,2025-04-22,지인추천
U1188,32,M,마케터,비전공,2025-05-28,지인추천
U1189,33,M,취준생,비전공,2025-05-22,검색
U1190,44,F,대학생,초급,2025-04-05,유튜브
U1191,24,M,직장인,비전공,2025-05-14,검색
U1192,21,M,프리랜서,초급,2025-02-20,유료광고
U1193,45,M,프리랜서,비전공,2025-06-05,지인추천
U1194,31,M,기획자,초급,2025-02-11,SNS
U1195,26,F,개발자,중급,2025-05-02,검색
U1196,25,M,프리랜서,중급,2025-02-10,유료광고
U1197,22,M,취준생,중급,2025-02-19,검색
U1198,36,M,기획자,중급,2025-01-31,유료광고
U1199,33,F,기획자,초급,2025-05-30,검색
U1200,31,F,프리랜서,초급,2025-02-15,검색
U1201,38,F,프리랜서,비전공,2025-06-08,유튜브
U1202,33,M,마케터,초급,2025-01-28,검색
U1203,30,F,직장인,비전공,2025-04-24,SNS
U1204,40,M,대학생,초급,2025-01-22,지인추천
U1205,29,M,대학생,초급,2025-04-07,SNS
U1206,44,M,대학생,중급,2025-06-07,유튜브
U1207,45,M,취준생,비전공,2025-05-06,검색
U1208,44,M,기획자,초급,2025-02-26,검색
U1209,30,F,취준생,비전공,2025-06-07,검색
U1210,45,F,취준생,비전공,2025-05-03,검색
U1211,27,M,직장인,초급,2025-02-20,검색
U1212,24,F,기획자,비전공,2025-04-07,검색
U1213,44,F,대학생,초급,2025-01-13,SNS
U1214,30,F,개발자,초급,2025-06-26,지인추천
U1215,22,F,개발자,초급,2025-04-11,유튜브
U1216,30,F,프리랜서,중급,2025-05-28,검색
U1217,29,M,프리랜서,비전공,2025-06-07,유튜브
U1218,20,F,마케터,초급,2025-03-21,SNS
U1219,37,F,기획자,비전공,2025-01-09,검색
U1220,28,F,프리랜서,초급,2025-01-13,검색
U1221,26,M,대학생,비전공,2025-05-26,유료광고
U1222,22,F,개발자,비전공,2025-05-30,유료광고
U1223,23,M,직장인,초급,2025-05-02,검색
U1224,19,M,기획자,비전공,2025-01-25,검색
U1225,23,F,프리랜서,중급,2025-01-03,검색
U1226,45,F,개발자,초급,2025-04-24,SNS
U1227,35,F,취준생,비전공,2025-01-01,검색
U1228,36,M,프리랜서,비전공,2025-02-10,검색
U1229,43,M,대학생,초급,2025-06-18,지인추천
U1230,23,F,취준생,초급,2025-06-14,SNS
U1231,39,F,마케터,초급,2025-05-11,유료광고
U1232,28,M,기획자,초급,2025-05-18,검색
U1233,32,F,대학생,초급,2025-04-26,검색
U1234,22,F,취준생,초급,2025-02-01,유료광고
U1235,42,F,기획자,비전공,2025-06-12,SNS
U1236,32,F,직장인,초급,2025-02-25,검색
U1237,35,M,취준생,비전공,2025-03-02,유튜브
U1238,25,M,기획자,중급,2025-02-19,지인추천
U1239,29,M,프리랜서,중급,2025-06-11,지인추천
U1240,40,F,프리랜서,중급,2025-06-28,검색
U1241,19,F,기획자,비전공,2025-03-20,유튜브
U1242,31,M,개발자,중급,2025-02-07,검색
U1243,22,M,개발자,중급,2025-03-30,이메일
U1244,41,M,대학생,비전공,2025-06-27,SNS
U1245,20,M,기획자,비전공,2025-06-01,유튜브
U1246,25,M,마케터,초급,2025-04-09,검색
U1247,25,M,대학생,비전공,2025-06-12,검색
U1248,43,F,프리랜서,비전공,2025-01-26,유튜브
U1249,39,M,직장인,비전공,2025-04-19,검색
U1250,30,F,직장인,비전공,2025-04-05,지인추천
U1251,43,F,마케터,비전공,2025-01-08,유튜브
U1252,19,F,개발자,초급,2025-03-30,유료광고
U1253,20,M,기획자,중급,2025-01-24,SNS
U1254,28,M,프리랜서,비전공,2025-02-21,검색
U1255,43,M,대학생,비전공,2025-01-25,유료광고
U1256,44,M,프리랜서,초급,2025-05-12,검색
U1257,24,F,마케터,비전공,2025-06-29,검색
U1258,24,M,기획자,초급,2025-05-06,유튜브
U1259,41,M,기획자,비전공,2025-01-25,유료광고
U1260,31,M,프리랜서,중급,2025-01-07,유료광고
U1261,28,F,프리랜서,중급,2025-05-09,검색
U1262,39,M,프리랜서,비전공,2025-06-02,유튜브
U1263,43,M,직장인,초급,2025-05-14,검색
U1264,45,F,기획자,초급,2025-03-24,검색
U1265,33,F,개발자,비전공,2025-03-27,유료광고
U1266,41,M,개발자,비전공,2025-03-19,유튜브
U1267,45,M,기획자,비전공,2025-03-05,유튜브
U1268,38,F,취준생,비전공,2025-02-18,검색
U1269,42,M,취준생,중급,2025-01-27,검색
U1270,23,M,마케터,비전공,2025-03-18,유료광고
U1271,25,M,기획자,중급,2025-03-13,검색
U1272,31,F,대학생,비전공,2025-04-22,SNS
U1273,35,F,프리랜서,비전공,2025-03-07,SNS
U1274,31,M,기획자,비전공,2025-04-21,유튜브
U1275,37,F,마케터,비전공,2025-06-17,지인추천
U1276,43,M,기획자,비전공,2025-02-01,유료광고
U1277,29,F,기획자,초급,2025-04-18,검색
U1278,31,M,직장인,중급,2025-05-04,유료광고
U1279,38,F,개발자,초급,2025-02-16,지인추천
U1280,29,M,프리랜서,중급,2025-01-28,검색
U1281,36,M,취준생,초급,2025-02-21,SNS
U1282,22,F,개발자,비전공,2025-05-02,SNS
U1283,39,F,개발자,비전공,2025-04-27,검색
U1284,40,M,프리랜서,초급,2025-02-01,유튜브
U1285,38,F,기획자,비전공,2025-03-12,유료광고
U1286,20,M,대학생,초급,2025-04-18,SNS
U1287,40,F,개발자,비전공,2025-02-27,유료광고
U1288,31,M,마케터,중급,2025-04-29,검색
U1289,23,M,마케터,초급,2025-02-19,유료광고
U1290,36,M,마케터,중급,2025-04-01,SNS
U1291,45,F,프리랜서,중급,2025-05-21,SNS
U1292,43,F,직장인,초급,2025-02-28,검색
U1293,31,F,프리랜서,초급,2025-05-04,검색
U1294,42,F,직장인,비전공,2025-03-19,유료광고
U1295,34,F,개발자,초급,2025-06-18,지인추천
U1296,23,F,마케터,초급,2025-01-22,유튜브
U1297,29,M,개발자,중급,2025-06-12,SNS
U1298,40,M,취준생,중급,2025-06-17,검색
U1299,38,M,개발자,비전공,2025-03-01,검색
U1300,33,F,마케터,비전공,2025-04-14,유튜브
U1301,24,M,기획자,중급,2025-05-21,유튜브
U1302,45,F,취준생,초급,2025-02-24,SNS
U1303,42,F,기획자,중급,2025-05-23,검색
U1304,32,M,마케터,비전공,2025-05-07,SNS
U1305,34,F,취준생,초급,2025-03-05,유료광고
U1306,36,M,취준생,중급,2025-04-30,SNS
U1307,34,F,마케터,초급,2025-04-20,유료광고
U1308,40,M,취준생,초급,2025-06-12,SNS
U1309,19,M,기획자,초급,2025-03-26,유튜브
U1310,22,F,프리랜서,초급,2025-02-06,검색
U1311,41,F,기획자,비전공,2025-01-25,지인추천
U1312,30,F,프리랜서,초급,2025-05-22,유튜브
U1313,25,F,프리랜서,비전공,2025-03-06,SNS
U1314,45,F,직장인,초급,2025-05-07,유료광고
U1315,35,F,마케터,초급,2025-02-22,SNS
U1316,44,M,직장인,비전공,2025-03-18,검색
U1317,39,M,마케터,중급,2025-04-13,유튜브
U1318,31,M,프리랜서,비전공,2025-01-02,검색
U1319,45,F,개발자,초급,2025-01-16,유튜브
U1320,36,F,개발자,비전공,2025-06-22,SNS
U1321,38,M,취준생,비전공,2025-06-12,유료광고
U1322,43,M,대학생,초급,2025-01-10,유료광고
U1323,22,M,직장인,중급,2025-02-05,유튜브
U1324,36,F,마케터,비전공,2025-04-18,검색
U1325,19,F,개발자,초급,2025-01-14,유료광고
U1326,35,M,마케터,비전공,2025-04-18,SNS
U1327,31,F,대학생,비전공,2025-04-10,SNS
U1328,40,M,프리랜서,초급,2025-05-21,검색
U1329,39,F,취준생,중급,2025-06-10,검색
U1330,19,M,기획자,초급,2025-01-23,검색
U1331,22,M,프리랜서,비전공,2025-05-26,검색
U1332,42,M,대학생,초급,2025-06-27,지인추천
U1333,42,M,직장인,초급,2025-05-08,유료광고
U1334,27,M,기획자,비전공,2025-01-16,검색
U1335,39,M,프리랜서,비전공,2025-06-03,검색
U1336,45,F,개발자,비전공,2025-04-05,지인추천
U1337,42,F,프리랜서,초급,2025-02-07,이메일
U1338,22,F,기획자,비전공,2025-04-17,유료광고
U1339,43,F,직장인,초급,2025-05-26,유료광고
U1340,27,M,개발자,중급,2025-06-30,유튜브
U1341,38,F,마케터,초급,2025-01-04,유튜브
U1342,38,F,개발자,초급,2025-03-05,유료광고
U1343,40,F,개발자,초급,2025-03-01,유튜브
U1344,28,M,직장인,비전공,2025-04-19,검색
U1345,45,M,직장인,중급,2025-05-27,검색
U1346,44,F,직장인,초급,2025-05-19,SNS
U1347,44,F,취준생,초급,2025-03-01,유료광고
U1348,20,F,프리랜서,초급,2025-03-07,SNS
U1349,19,F,프리랜서,초급,2025-05-18,유튜브
U1350,43,M,취준생,초급,2025-05-14,지인추천
U1351,45,F,프리랜서,초급,2025-02-21,검색
U1352,25,M,취준생,중급,2025-03-16,유료광고
U1353,37,F,프리랜서,초급,2025-02-08,검색
U1354,34,F,마케터,비전공,2025-06-11,유료광고
U1355,21,M,직장인,초급,2025-03-30,검색
U1356,38,M,대학생,비전공,2025-05-25,유료광고
U1357,37,M,직장인,중급,2025-03-13,유료광고
U1358,33,M,직장인,중급,2025-03-28,검색
U1359,24,F,대학생,비전공,2025-01-09,SNS
U1360,41,F,프리랜서,중급,2025-01-17,지인추천
U1361,39,F,대학생,초급,2025-01-24,검색
U1362,37,M,기획자,비전공,2025-06-21,SNS
U1363,24,F,마케터,비전공,2025-03-02,이메일
U1364,26,M,대학생,중급,2025-04-01,검색
U1365,36,M,마케터,중급,2025-03-08,유튜브
U1366,41,F,대학생,비전공,2025-03-23,유튜브
U1367,25,F,개발자,초급,2025-06-17,검색
U1368,29,F,직장인,초급,2025-04-06,유료광고
U1369,24,F,취준생,중급,2025-06-23,지인추천
U1370,33,M,마케터,비전공,2025-02-26,검색
U1371,38,F,기획자,비전공,2025-04-25,이메일
U1372,31,M,기획자,비전공,2025-03-28,유료광고
U1373,26,F,대학생,초급,2025-02-06,유료광고
U1374,42,M,취준생,초급,2025-05-22,지인추천
U1375,33,M,직장인,초급,2025-03-05,검색
U1376,27,F,직장인,중급,2025-03-08,유료광고
U1377,29,F,프리랜서,비전공,2025-05-12,검색
U1378,44,M,개발자,초급,2025-03-15,검색
U1379,43,M,직장인,초급,2025-03-08,이메일
U1380,26,M,프리랜서,비전공,2025-02-11,검색
U1381,42,F,취준생,중급,2025-01-05,유료광고
U1382,35,F,개발자,비전공,2025-01-01,유튜브
U1383,35,F,취준생,초급,2025-01-11,지인추천
U1384,25,F,개발자,비전공,2025-02-16,SNS
U1385,26,M,취준생,초급,2025-01-23,지인추천
U1386,42,F,마케터,비전공,2025-02-22,검색
U1387,40,M,개발자,비전공,2025-01-03,검색
U1388,42,F,마케터,초급,2025-01-15,SNS
U1389,30,F,직장인,중급,2025-05-07,검색
U1390,32,F,취준생,중급,2025-03-10,검색
U1391,37,F,대학생,비전공,2025-04-06,SNS
U1392,19,F,개발자,중급,2025-05-13,검색
U1393,30,M,마케터,중급,2025-03-24,유튜브
U1394,31,M,직장인,중급,2025-05-07,유료광고
U1395,19,M,대학생,비전공,2025-01-23,검색
U1396,24,M,대학생,비전공,2025-05-23,유튜브
U1397,19,M,대학생,중급,2025-02-19,검색
U1398,45,F,개발자,비전공,2025-04-24,검색
U1399,22,M,대학생,비전공,2025-04-30,유료광고
