user_id,payment_date,amount,payment_type,refunded
U1001,2025-04-19,99000,단건,0
U1002,2025-05-22,199000,단건,0
U1003,2025-08-12,199000,구독,0
U1004,2025-07-10,149000,단건,0
U1006,2025-02-18,199000,구독,0
U1008,2025-08-31,149000,단건,0
U1010,2025-08-17,99000,구독,0
U1012,2025-04-26,99000,단건,0
U1013,2025-03-19,99000,단건,0
U1016,2025-01-16,199000,단건,1
U1017,2025-05-28,199000,구독,0
U1020,2025-07-03,199000,구독,0
U1021,2025-03-18,129000,구독,0
U1023,2025-05-05,199000,구독,0
U1024,2025-03-02,199000,단건,0
U1026,2025-04-29,149000,구독,0
U1027,2025-05-15,199000,구독,0
U1030,2025-05-02,99000,구독,0
U1032,2025-06-24,129000,구독,0
U1034,2025-03-10,99000,단건,0
U1036,2025-04-06,129000,구독,0
U1040,2025-06-05,149000,단건,0
U1041,2025-08-18,129000,단건,0
U1044,2025-06-06,99000,단건,0
U1045,2025-04-27,149000,단건,0
U1048,2025-03-18,199000,단건,0
U1049,2025-03-18,199000,단건,0
U1051,2025-05-29,129000,구독,0
U1053,2025-02-10,199000,단건,0
U1054,2025-01-30,129000,구독,0
U1055,2025-01-25,129000,단건,0
U1056,2025-03-19,129000,단건,0
U1058,2025-01-17,149000,단건,0
U1059,2025-08-19,199000,단건,0
U1060,2025-08-17,129000,단건,0
U1065,2025-03-11,99000,단건,0
U1068,2025-05-30,99000,단건,0
U1070,2025-08-23,199000,단건,0
U1071,2025-01-15,149000,단건,0
U1072,2025-03-27,149000,구독,0
U1073,2025-02-19,99000,단건,0
U1076,2025-01-07,99000,구독,0
U1077,2025-06-20,199000,구독,0
U1078,2025-03-26,199000,단건,0
U1080,2025-02-26,129000,구독,0
U1083,2025-07-12,99000,단건,0
U1084,2025-08-20,129000,단건,0
U1087,2025-03-07,199000,단건,0
U1090,2025-06-13,149000,구독,0
U1094,2025-07-23,149000,단건,0
U1098,2025-04-13,99000,단건,0
U1099,2025-02-04,199000,단건,0
U1100,2025-08-30,149000,구독,0
U1101,2025-06-02,99000,구독,1
U1104,2025-06-12,199000,단건,0
U1105,2025-07-24,129000,단건,0
U1107,2025-08-11,129000,구독,0
U1108,2025-02-12,99000,구독,0
U1109,2025-03-19,149000,단건,0
U1110,2025-06-26,99000,단건,1
U1111,2025-01-07,99000,구독,0
U1114,2025-07-12,129000,단건,0
U1115,2025-03-24,199000,단건,0
U1122,2025-03-24,149000,구독,0
U1123,2025-08-15,149000,구독,0
U1124,2025-06-23,199000,단건,0
U1126,2025-07-01,129000,단건,0
U1128,2025-01-05,129000,구독,0
U1131,2025-04-12,99000,단건,0
U1132,2025-08-12,129000,단건,0
U1134,2025-06-15,99000,단건,0
U1135,2025-04-20,99000,구독,0
U1136,2025-06-03,129000,구독,0
U1137,2025-01-27,149000,구독,0
U1138,2025-01-04,149000,단건,0
U1140,2025-03-01,149000,단건,0
U1142,2025-03-08,129000,단건,0
U1145,2025-04-02,129000,단건,0
U1146,2025-07-05,199000,단건,0
U1147,2025-08-24,129000,구독,0
U1149,2025-08-21,129000,구독,0
U1152,2025-04-15,199000,단건,0
U1154,2025-02-09,129000,단건,0
U1155,2025-06-25,99000,단건,1
U1157,2025-08-20,149000,구독,1
U1162,2025-07-30,149000,단건,0
U1166,2025-07-14,199000,구독,0
U1167,2025-06-16,149000,단건,0
U1168,2025-02-19,129000,구독,0
U1169,2025-04-12,129000,단건,0
U1170,2025-02-03,199000,구독,0
U1171,2025-01-07,199000,구독,0
U1172,2025-02-18,149000,구독,0
U1173,2025-08-31,129000,단건,0
U1174,2025-07-16,99000,단건,0
U1175,2025-01-02,99000,단건,0
U1176,2025-06-07,199000,구독,0
U1177,2025-08-23,149000,단건,0
U1179,2025-01-07,199000,구독,0
U1182,2025-08-29,129000,구독,0
U1183,2025-02-27,199000,단건,0
U1184,2025-02-25,129000,구독,0
U1188,2025-01-02,99000,구독,1
U1189,2025-03-28,129000,구독,0
U1192,2025-02-14,199000,단건,0
U1195,2025-05-27,99000,단건,0
U1196,2025-02-15,149000,단건,1
U1197,2025-03-31,149000,단건,0
U1199,2025-02-05,149000,구독,0
U1200,2025-03-24,149000,구독,0
U1202,2025-03-31,129000,구독,0
U1203,2025-01-12,99000,단건,0
U1207,2025-06-15,99000,구독,0
U1210,2025-08-30,129000,구독,0
U1213,2025-02-06,149000,구독,0
U1214,2025-04-20,199000,단건,0
U1216,2025-05-16,199000,단건,0
U1217,2025-03-18,149000,구독,0
U1220,2025-02-07,129000,단건,0
U1223,2025-04-05,149000,단건,1
U1226,2025-02-19,199000,구독,0
U1230,2025-05-23,99000,구독,0
U1234,2025-01-21,199000,단건,0
U1236,2025-02-14,99000,구독,0
U1238,2025-01-08,149000,구독,0
U1242,2025-07-17,129000,단건,0
U1243,2025-06-27,99000,구독,0
U1245,2025-06-13,149000,단건,0
U1248,2025-04-21,129000,단건,0
U1249,2025-05-23,99000,구독,0
U1252,2025-04-15,149000,단건,1
U1253,2025-03-27,149000,단건,0
U1254,2025-08-31,199000,단건,0
U1255,2025-04-05,199000,구독,0
U1257,2025-05-14,99000,단건,0
U1258,2025-03-15,129000,구독,1
U1260,2025-01-07,199000,구독,0
U1261,2025-06-22,199000,구독,0
U1263,2025-01-23,149000,단건,0
U1264,2025-02-14,149000,단건,0
U1266,2025-04-06,99000,구독,0
U1267,2025-08-28,99000,구독,0
U1270,2025-04-30,129000,단건,1
U1274,2025-03-28,199000,단건,0
U1275,2025-02-09,199000,구독,0
U1277,2025-02-11,199000,구독,0
U1278,2025-07-02,99000,구독,1
U1279,2025-07-08,199000,단건,0
U1280,2025-06-28,149000,단건,0
U1285,2025-03-31,99000,구독,0
U1287,2025-01-03,129000,단건,1
U1288,2025-01-10,129000,단건,0
U1289,2025-08-06,149000,단건,0
U1292,2025-03-25,99000,단건,0
U1295,2025-02-24,99000,단건,0
U1296,2025-07-29,199000,구독,0
U1298,2025-08-04,99000,단건,0
U1299,2025-07-21,149000,단건,0
U1301,2025-08-30,99000,단건,0
U1305,2025-06-18,129000,단건,0
U1306,2025-08-15,129000,구독,0
U1307,2025-05-18,199000,구독,0
U1308,2025-04-17,129000,단건,0
U1309,2025-02-22,199000,구독,0
U1312,2025-06-25,129000,구독,1
U1314,2025-05-29,199000,단건,0
U1315,2025-02-21,99000,구독,0
U1319,2025-01-11,199000,구독,1
U1320,2025-03-06,199000,구독,0
U1321,2025-07-08,199000,구독,0
U1322,2025-06-27,149000,구독,0
U1324,2025-01-19,99000,단건,1
U1325,2025-02-07,149000,단건,0
U1327,2025-07-12,129000,단건,0
U1328,2025-04-25,129000,단건,0
U1329,2025-03-30,129000,구독,0
U1330,2025-07-18,99000,단건,0
U1331,2025-08-17,129000,구독,0
U1332,2025-07-04,199000,구독,0
U1333,2025-06-13,199000,구독,0
U1334,2025-05-25,99000,구독,0
U1335,2025-04-16,149000,구독,1
U1338,2025-04-28,149000,구독,0
U1341,2025-04-09,129000,구독,0
U1344,2025-03-06,129000,구독,0
U1346,2025-05-14,199000,단건,0
U1347,2025-03-21,99000,구독,0
U1348,2025-02-09,199000,단건,0
U1351,2025-04-09,149000,단건,0
U1352,2025-06-12,129000,구독,0
U1353,2025-07-10,129000,단건,1
U1356,2025-01-01,129000,단건,0
U1357,2025-06-12,99000,구독,0
U1359,2025-05-10,199000,구독,0
U1360,2025-06-28,99000,구독,0
U1362,2025-01-27,129000,구독,0
U1363,2025-04-29,149000,구독,0
U1365,2025-08-06,149000,단건,0
U1366,2025-04-20,99000,구독,0
U1369,2025-01-22,99000,구독,0
U1370,2025-05-22,199000,단건,0
U1371,2025-07-05,99000,단건,0
U1372,2025-01-30,99000,단건,0
U1373,2025-05-05,199000,단건,0
U1374,2025-07-11,149000,단건,0
U1377,2025-02-09,199000,단건,0
U1380,2025-06-25,99000,단건,0
U1381,2025-03-27,99000,단건,0
U1382,2025-06-17,129000,구독,0
U1384,2025-06-13,199000,구독,0
U1385,2025-05-24,199000,단건,0
U1387,2025-04-18,129000,구독,0
U1389,2025-06-08,99000,구독,0
U1390,2025-08-13,129000,단건,0
U1392,2025-03-12,149000,구독,1
U1393,2025-01-24,149000,단건,0
U1394,2025-08-27,149000,단건,0
U1398,2025-04-18,129000,구독,0
U1399,2025-05-11,199000,단건,0
